id,conversation_id,created_at,date,time,timezone,user_id,username,name,place,tweet,language,mentions,urls,photos,replies_count,retweets_count,likes_count,hashtags,cashtags,link,retweet,quote_url,video,thumbnail,near,geo,source,user_rt_id,user_rt,retweet_id,reply_to,retweet_date,translate,trans_src,trans_dest
1355581159930007560,1355581159930007560,2021-01-30 19:18:28 CET,2021-01-30,19:18:28,+0200,716737614771044352,optioncharts,max pain,,$LDOS Implied Volatility expiration 02/19/2021 #maxpain #options  https://t.co/zdvfolhQML  https://t.co/ZkZ0o0xpph,en,[],['http://maximum-pain.com/iv/LDOS?m=02%2f19%2f2021'],['https://pbs.twimg.com/media/Es_94cQXEAUWRJW.jpg'],0,0,0,"['maxpain', 'options']",['ldos'],https://twitter.com/optioncharts/status/1355581159930007560,False,,1,https://pbs.twimg.com/media/Es_94cQXEAUWRJW.jpg,,,,,,,[],,,,
1355485267789017091,1355485267789017091,2021-01-30 12:57:26 CET,2021-01-30,12:57:26,+0200,1134049078424162304,newsfilterio,Investor News,,"Leidos was awarded a new government contract ""Military and Family Life Counseling Program"", total contract value: $2,085,399,743 $LDOS  https://t.co/RgdRn4Nq6z",en,[],['https://newsfilter.io/articles/leidos-was-awarded-a-new-government-contract-military-and-family-life-counseling-program-total-contr-0a365bda8561f0656f6fde664321326d'],[],0,0,0,[],['ldos'],https://twitter.com/newsfilterio/status/1355485267789017091,False,,0,,,,,,,,[],,,,
1355464998781296640,1355464998781296640,2021-01-30 11:36:53 CET,2021-01-30,11:36:53,+0200,374729426,tickeron,Tickeron,,$LDOS's in Uptrend: Moving Average Convergence Divergence (MACD) Histogram crosses above signal line. View odds for this and other indicators:  https://t.co/bpiPo5CpYA #LeidosHoldings #stockmarket #stock #technicalanalysis #money #trading #investing #daytrading #news #today  https://t.co/Vb7h1UBT04,en,[],['https://srnk.us/go/2497301'],['https://pbs.twimg.com/media/Es-UO7zUUAEcQ5E.jpg'],0,0,0,"['leidosholdings', 'stockmarket', 'stock', 'technicalanalysis', 'money', 'trading', 'investing', 'daytrading', 'news', 'today']",['ldos'],https://twitter.com/Tickeron/status/1355464998781296640,False,,1,https://pbs.twimg.com/media/Es-UO7zUUAEcQ5E.jpg,,,,,,,[],,,,
1355442736783126528,1355442736783126528,2021-01-30 10:08:26 CET,2021-01-30,10:08:26,+0200,1134049078424162304,newsfilterio,Investor News,,Form SC 13G/A (statement of acquisition of beneficial ownership by individuals) filed with the SEC $LDOS  https://t.co/bmY6wQjK2K,en,[],['https://newsfilter.io/articles/sc-13ga-form---amend-statement-of-acquisition-of-beneficial-ownership-by-individuals---leidos-holdin-6c8afacab2a3c3c3129ab03beab07af3'],[],0,0,1,[],['ldos'],https://twitter.com/newsfilterio/status/1355442736783126528,False,,0,,,,,,,,[],,,,
1355300717360160768,1355300717360160768,2021-01-30 00:44:05 CET,2021-01-30,00:44:05,+0200,1351544588519915520,vijayraj11122,Vijay,,#earnings before the open tomorrow   $AMRN $BP $CYBR $KPTI $RL $FIS $TREE $IPHI $LDOS $CNK $USFD $INCY $MNK $LGIH $AMCX $SPNS $VMC $ACM $EMR $CHFS $ARMK $HLNE $DEA $SPR $ATI $EXC $NVMI $HAKA $ALLT $OPTN $WEC $EVFM $KKR $AME $TTI $TECH $LEA $VSH $WRK  https://t.co/PZ2z2wVUZ4,en,[],[],['https://pbs.twimg.com/media/Es7-z6JXIAEecJM.jpg'],0,0,0,['earnings'],"['amrn', 'bp', 'cybr', 'kpti', 'rl', 'fis', 'tree', 'iphi', 'ldos', 'cnk', 'usfd', 'incy', 'mnk', 'lgih', 'amcx', 'spns', 'vmc', 'acm', 'emr', 'chfs', 'armk', 'hlne', 'dea', 'spr', 'ati', 'exc', 'nvmi', 'haka', 'allt', 'optn', 'wec', 'evfm', 'kkr', 'ame', 'tti', 'tech', 'lea', 'vsh', 'wrk']",https://twitter.com/Vijayraj11122/status/1355300717360160768,False,,1,https://pbs.twimg.com/media/Es7-z6JXIAEecJM.jpg,,,,,,,[],,,,
1355244214565490688,1355244214565490688,2021-01-29 20:59:34 CET,2021-01-29,20:59:34,+0200,1229884020768460800,purepowerpicks,Pure Power Picks,,Leidos Holdings Awarded $2.08B Contract Titled 'Military and Family Life Counseling Program' $LDOS  https://t.co/BEGgD6JvnN,en,[],['https://beta.sam.gov/opp/27b26d4a8f6e482a8147cada1eebabd9/view?keywords=&sort=-modifiedDate&index=&is_active=true&page=1'],[],0,0,0,[],['ldos'],https://twitter.com/PurePowerPicks/status/1355244214565490688,False,,0,,,,,,,,[],,,,
1355202165271388167,1355202163904032768,2021-01-29 18:12:29 CET,2021-01-29,18:12:29,+0200,720780706746613760,jbmgstocktrades,JBMG Stock Trades,,"$IBM, $BEKE, $SPLK, $MKC, $MTH, $WERN, $BTAI, $TSLA, $JD, $SPOT, $REGN, $PTON, $BILI, $WIT, $DDOG, $KEYS, $ENPH, $WAT, $GNRC, $LDOS, $TREX, $IIVI, $BL, $TNDM, $AMD, $OMCL, $RPD, $NOMD, $SLGN, $NSTG, $MDRX, $PRPL, $AXNX, $RLGY",in,[],[],[],0,0,0,[],"['ibm', 'beke', 'splk', 'mkc', 'mth', 'wern', 'btai', 'tsla', 'jd', 'spot', 'regn', 'pton', 'bili', 'wit', 'ddog', 'keys', 'enph', 'wat', 'gnrc', 'ldos', 'trex', 'iivi', 'bl', 'tndm', 'amd', 'omcl', 'rpd', 'nomd', 'slgn', 'nstg', 'mdrx', 'prpl', 'axnx', 'rlgy']",https://twitter.com/JBMGStockTrades/status/1355202165271388167,False,,0,,,,,,,,[],,,,
1355170056964108291,1355170056964108291,2021-01-29 16:04:54 CET,2021-01-29,16:04:54,+0200,2422703600,swingtradebot,SwingTradeBot,,20 DMA Support today: $FTK $DMLP $QTWO $HL $UE $WK $NVTA $GLL $FOXF $CNP $GLPG $CGBD $LSI $UGI $LDOS $JLL $EXP $ANCN $CIM $IART ...  https://t.co/deOpbNqdR6,in,[],['https://swingtradebot.com/alerts/34-20-dma-support'],[],0,0,0,[],"['ftk', 'dmlp', 'qtwo', 'hl', 'ue', 'wk', 'nvta', 'gll', 'foxf', 'cnp', 'glpg', 'cgbd', 'lsi', 'ugi', 'ldos', 'jll', 'exp', 'ancn', 'cim', 'iart']",https://twitter.com/SwingTradeBot/status/1355170056964108291,False,,0,,,,,,,,[],,,,
1355046166644158465,1355046166644158465,2021-01-29 07:52:36 CET,2021-01-29,07:52:36,+0200,374729426,tickeron,Tickeron,,"$LDOS in +3.1% Uptrend, rising for three consecutive days on January 25, 2021. View odds for this and other indicators:  https://t.co/pZYpeagdg9 #LeidosHoldings #stockmarket #stock #technicalanalysis #money #trading #investing #daytrading #news #today  https://t.co/hktaauJgjd",en,[],['https://srnk.us/go/2494594'],['https://pbs.twimg.com/media/Es4XTtGVcAIgfOh.png'],0,0,0,"['leidosholdings', 'stockmarket', 'stock', 'technicalanalysis', 'money', 'trading', 'investing', 'daytrading', 'news', 'today']",['ldos'],https://twitter.com/Tickeron/status/1355046166644158465,False,,1,https://pbs.twimg.com/media/Es4XTtGVcAIgfOh.png,,,,,,,[],,,,
1354966105371136001,1354966105371136001,2021-01-29 02:34:28 CET,2021-01-29,02:34:28,+0200,1316474249989812224,congresstrading,congresstrading.com,,two more questionable stock trades from  https://t.co/2M31Ef2qcH in @dealbook today  (1) Congressman Brooks flips penny stock $LEE for a quick 34%  (2) Congressman Connolly sells two gov contractors $LDOS &amp; $SAIC headquartered in his district  https://t.co/HvozX2YP8b,en,"[{'screen_name': 'dealbook', 'name': 'dealbook', 'id': '16955517'}]",['http://congresstrading.com'],['https://pbs.twimg.com/media/Es3LJmeXABESM9N.jpg'],2,3,7,[],"['lee', 'ldos', 'saic']",https://twitter.com/congresstrading/status/1354966105371136001,False,,1,https://pbs.twimg.com/media/Es3LJmeXABESM9N.jpg,,,,,,,[],,,,
1354924150649851905,1354924150649851905,2021-01-28 23:47:45 CET,2021-01-28,23:47:45,+0200,1351544588519915520,vijayraj11122,Vijay,,#earnings before the open tomorrow   $AMRN $BP $CYBR $KPTI $RL $FIS $TREE $IPHI $LDOS $CNK $USFD $INCY $MNK $LGIH $AMCX $SPNS $VMC $ACM $EMR $CHFS $ARMK $HLNE $DEA $SPR $ATI $EXC $NVMI $HAKA $ALLT $OPTN $WEC $EVFM $KKR $AME $TTI $TECH $LEA $VSH $WRK  https://t.co/Ij3LrNzKZm,en,[],[],['https://pbs.twimg.com/media/Es2oU3sXMAQLbte.jpg'],0,0,0,['earnings'],"['amrn', 'bp', 'cybr', 'kpti', 'rl', 'fis', 'tree', 'iphi', 'ldos', 'cnk', 'usfd', 'incy', 'mnk', 'lgih', 'amcx', 'spns', 'vmc', 'acm', 'emr', 'chfs', 'armk', 'hlne', 'dea', 'spr', 'ati', 'exc', 'nvmi', 'haka', 'allt', 'optn', 'wec', 'evfm', 'kkr', 'ame', 'tti', 'tech', 'lea', 'vsh', 'wrk']",https://twitter.com/Vijayraj11122/status/1354924150649851905,False,,1,https://pbs.twimg.com/media/Es2oU3sXMAQLbte.jpg,,,,,,,[],,,,
1354912339024367621,1354901059156783104,2021-01-28 23:00:49 CET,2021-01-28,23:00:49,+0200,28593153,whisperthebull,Gary L,,@RampCapitalLLC $LDOS,lt,[],[],[],0,0,0,[],['ldos'],https://twitter.com/whisperthebull/status/1354912339024367621,False,,0,,,,,,,,"[{'screen_name': 'RampCapitalLLC', 'name': 'Ramp Capital', 'id': '2214652482'}]",,,,
1354877352698896386,1354877352698896386,2021-01-28 20:41:47 CET,2021-01-28,20:41:47,+0200,720780706746613760,jbmgstocktrades,JBMG Stock Trades,,Sold $LDOS for a loss,en,[],[],[],0,0,0,[],['ldos'],https://twitter.com/JBMGStockTrades/status/1354877352698896386,False,,0,,,,,,,,[],,,,
1354815238974017547,1354815238974017547,2021-01-28 16:34:58 CET,2021-01-28,16:34:58,+0200,2422703600,swingtradebot,SwingTradeBot,,Rose Above Previous Day's High today: $WOR $MDVL $RLI $BYD $TBPH $HUBB $EZA $LDOS $DVA $HBAN $CMPR $AA $LYV $FLS $MU $BAM $CF $WRK $IVZ $UAL ...  https://t.co/TBYRpva41I,en,[],['https://swingtradebot.com/alerts/42-rose-above-previous-day-s-high'],[],0,0,0,[],"['wor', 'mdvl', 'rli', 'byd', 'tbph', 'hubb', 'eza', 'ldos', 'dva', 'hban', 'cmpr', 'aa', 'lyv', 'fls', 'mu', 'bam', 'cf', 'wrk', 'ivz', 'ual']",https://twitter.com/SwingTradeBot/status/1354815238974017547,False,,0,,,,,,,,[],,,,
1354814035204608005,1354814035204608005,2021-01-28 16:30:11 CET,2021-01-28,16:30:11,+0200,1063565390230552576,paultorrescohen,Paul Torres-Cohen,,Paul Torres-Cohen $LDOS,es,[],[],[],0,0,0,[],['ldos'],https://twitter.com/PaulTorresCohen/status/1354814035204608005,False,,0,,,,,,,,[],,,,
1354710625667039233,1354710625667039233,2021-01-28 09:39:17 CET,2021-01-28,09:39:17,+0200,374729426,tickeron,Tickeron,,"$LDOS in +3.1% Uptrend, advancing for three consecutive days on January 25, 2021. View odds for this and other indicators:  https://t.co/aFK6P4KYle #LeidosHoldings #stockmarket #stock #technicalanalysis #money #trading #investing #daytrading #news #today  https://t.co/XpHb1e8dJe",en,[],['https://srnk.us/go/2492433'],['https://pbs.twimg.com/media/EszmIodVoAA5fe1.png'],0,1,1,"['leidosholdings', 'stockmarket', 'stock', 'technicalanalysis', 'money', 'trading', 'investing', 'daytrading', 'news', 'today']",['ldos'],https://twitter.com/Tickeron/status/1354710625667039233,False,,1,https://pbs.twimg.com/media/EszmIodVoAA5fe1.png,,,,,,,[],,,,
1354649781151408128,1354649781151408128,2021-01-28 05:37:30 CET,2021-01-28,05:37:30,+0200,716737614771044352,optioncharts,max pain,,$LDOS Max Pain=105.00. Maturity=02/19/2021. #maxpain #options  https://t.co/0RVcQ21FPq  https://t.co/u59NYjVQkk,in,[],['http://maximum-pain.com/options/LDOS?m=02%2f19%2f2021'],['https://pbs.twimg.com/media/EsyuzDwXEAAxZdJ.jpg'],0,0,0,"['maxpain', 'options']",['ldos'],https://twitter.com/optioncharts/status/1354649781151408128,False,,1,https://pbs.twimg.com/media/EsyuzDwXEAAxZdJ.jpg,,,,,,,[],,,,
1354611925506789377,1354611925506789377,2021-01-28 03:07:05 CET,2021-01-28,03:07:05,+0200,716737614771044352,optioncharts,max pain,,$LDOS Max Pain is 105.00 for maturity 02/19/2021. #maxpain #options  https://t.co/0RVcQ21FPq  https://t.co/SQwyP2D1XY,en,[],['http://maximum-pain.com/options/LDOS?m=02%2f19%2f2021'],['https://pbs.twimg.com/media/EsyMXkvXMAAmvbk.jpg'],0,0,0,"['maxpain', 'options']",['ldos'],https://twitter.com/optioncharts/status/1354611925506789377,False,,1,https://pbs.twimg.com/media/EsyMXkvXMAAmvbk.jpg,,,,,,,[],,,,
1354596572126982144,1354596572126982144,2021-01-28 02:06:04 CET,2021-01-28,02:06:04,+0200,121370906,chartmill,ChartMill,,"$LDOS is currently trading in the upper part of its 52 week range, slightly lagging the index.  https://t.co/5YAZyP4Vfw  https://t.co/6gYDwIQOSc",en,[],['https://www.chartmill.com/stock/analyzer/stock/LDOS?key=48076638-3747-4fc0-b38a-27a363712129&utm_source=twitterUS&utm_medium=TA&utm_content=LDOS&utm_campaign=social_tracking'],['https://pbs.twimg.com/media/Esx-Z4UXYAUAQrY.png'],0,0,0,[],['ldos'],https://twitter.com/ChartMill/status/1354596572126982144,False,,1,https://pbs.twimg.com/media/Esx-Z4UXYAUAQrY.png,,,,,,,[],,,,
1354515587213500421,1354515587213500421,2021-01-27 20:44:16 CET,2021-01-27,20:44:16,+0200,1351544588519915520,vijayraj11122,Vijay,,#earnings before the open tomorrow   $AMRN $BP $CYBR $KPTI $RL $FIS $TREE $IPHI $LDOS $CNK $USFD $INCY $MNK $LGIH $AMCX $SPNS $VMC $ACM $EMR $CHFS $ARMK $HLNE $DEA $SPR $ATI $EXC $NVMI $HAKA $ALLT $OPTN $WEC $EVFM $KKR $AME $TTI $TECH $LEA $VSH $WRK  https://t.co/YswZhWHzF8,en,[],[],['https://pbs.twimg.com/media/Esw0vqnXEAgD2FQ.jpg'],0,0,0,['earnings'],"['amrn', 'bp', 'cybr', 'kpti', 'rl', 'fis', 'tree', 'iphi', 'ldos', 'cnk', 'usfd', 'incy', 'mnk', 'lgih', 'amcx', 'spns', 'vmc', 'acm', 'emr', 'chfs', 'armk', 'hlne', 'dea', 'spr', 'ati', 'exc', 'nvmi', 'haka', 'allt', 'optn', 'wec', 'evfm', 'kkr', 'ame', 'tti', 'tech', 'lea', 'vsh', 'wrk']",https://twitter.com/Vijayraj11122/status/1354515587213500421,False,,1,https://pbs.twimg.com/media/Esw0vqnXEAgD2FQ.jpg,,,,,,,[],,,,
1354467865546645522,1354467865546645522,2021-01-27 17:34:38 CET,2021-01-27,17:34:38,+0200,2422703600,swingtradebot,SwingTradeBot,,Reversed from Down today: $XONE $ILMN $IPO $LDOS $GPRE $CVE $PLX $APHA $ONLN $IEA $TVTY $MANT $UFO $SGAM $ICON $VCYT $XAR $IDNA $SABR $FRSX ...  https://t.co/uuYYhupj1A,en,[],['https://swingtradebot.com/alerts/98-reversed-from-down'],[],0,0,0,[],"['xone', 'ilmn', 'ipo', 'ldos', 'gpre', 'cve', 'plx', 'apha', 'onln', 'iea', 'tvty', 'mant', 'ufo', 'sgam', 'icon', 'vcyt', 'xar', 'idna', 'sabr', 'frsx']",https://twitter.com/SwingTradeBot/status/1354467865546645522,False,,0,,,,,,,,[],,,,
1354414165633323009,1354414165633323009,2021-01-27 14:01:15 CET,2021-01-27,14:01:15,+0200,1254035253104181256,stock_titan,Stock Titan,,$LDOS Leidos Employees to Receive Record Number of Awards at 35th Annual Black Engineer of the Year Awards Conference  https://t.co/a2G9M0Ay8X,en,[],['https://www.stocktitan.net/news/LDOS/leidos-employees-to-receive-record-number-of-awards-at-35th-annual-aij57omgon3a.html'],[],0,0,0,[],['ldos'],https://twitter.com/stock_titan/status/1354414165633323009,False,,0,,,,,,,,[],,,,
1354272244340563970,1354272244340563970,2021-01-27 04:37:18 CET,2021-01-27,04:37:18,+0200,1315434407692509184,earningsflyinc,Earningsfly Stock Research Bot,,"Leidos Holdings, Inc current quarter revenue growth YoY of 14.40% ranked 1135 out of 5420 companies in our database.    https://t.co/xUwnp3Ef1o $LDOS  üöÄüöÄüöÄüöÄüöÄ  https://t.co/JAbWR0ausG",en,[],['https://www.earningsfly.com/stocks/ldos?source=twitter-bot'],['https://pbs.twimg.com/media/EstXbeiWMAELdm_.png'],0,0,0,[],['ldos'],https://twitter.com/earningsflyinc/status/1354272244340563970,False,,1,https://pbs.twimg.com/media/EstXbeiWMAELdm_.png,,,,,,,[],,,,
1354127090073874432,1354127090073874432,2021-01-26 19:00:31 CET,2021-01-26,19:00:31,+0200,1022006086872821762,communiststocks,Communist Stock Analysis,,Leidos Holdings - $LDOS  üí∞ QUOTE $LDOS is DOWN ‚¨á on Tue Jan 26 Currently at 112.04 USD for a -0.59% loss from previous close üìâ üìâ üìâ  üìä ANALYSIS Leidos Holdings should be nationalized ‚ò≠ ‚ò≠ ‚ò≠,en,[],[],[],0,0,0,[],"['ldos', 'ldos']",https://twitter.com/communiststocks/status/1354127090073874432,False,,0,,,,,,,,[],,,,
1353995574064898051,1353995574064898051,2021-01-26 10:17:55 CET,2021-01-26,10:17:55,+0200,1134049078424162304,newsfilterio,Investor News,,Parsons Team Ready to Protect U.S. Air Force Air Bases $PSN $LDOS $SAIC  https://t.co/2rs16W4nL2,en,[],['https://newsfilter.io/articles/parsons-team-ready-to-protect-us-air-force-air-bases-2b2622ec046d336640b51fc919a777b5'],[],0,0,0,[],"['psn', 'ldos', 'saic']",https://twitter.com/newsfilterio/status/1353995574064898051,False,,0,,,,,,,,[],,,,
1353850193989431296,1353850193989431296,2021-01-26 00:40:14 CET,2021-01-26,00:40:14,+0200,1351544588519915520,vijayraj11122,Vijay,,#earnings before the open tomorrow   $AMRN $BP $CYBR $KPTI $RL $FIS $TREE $IPHI $LDOS $CNK $USFD $INCY $MNK $LGIH $AMCX $SPNS $VMC $ACM $EMR $CHFS $ARMK $HLNE $DEA $SPR $ATI $EXC $NVMI $HAKA $ALLT $OPTN $WEC $EVFM $KKR $AME $TTI $TECH $LEA $VSH $WRK  https://t.co/KHcuvzz5Gh,en,[],[],['https://pbs.twimg.com/media/EsnXkLMXAAEUF0Q.jpg'],0,0,0,['earnings'],"['amrn', 'bp', 'cybr', 'kpti', 'rl', 'fis', 'tree', 'iphi', 'ldos', 'cnk', 'usfd', 'incy', 'mnk', 'lgih', 'amcx', 'spns', 'vmc', 'acm', 'emr', 'chfs', 'armk', 'hlne', 'dea', 'spr', 'ati', 'exc', 'nvmi', 'haka', 'allt', 'optn', 'wec', 'evfm', 'kkr', 'ame', 'tti', 'tech', 'lea', 'vsh', 'wrk']",https://twitter.com/Vijayraj11122/status/1353850193989431296,False,,1,https://pbs.twimg.com/media/EsnXkLMXAAEUF0Q.jpg,,,,,,,[],,,,
1353722994007429120,1353722994007429120,2021-01-25 16:14:47 CET,2021-01-25,16:14:47,+0200,2422703600,swingtradebot,SwingTradeBot,,Rose Above Previous Day's High today: $GDX $NIO $TME $TAL $HTHT $X $TMO $LH $GPS $PEAK $LDOS $DELL $GIS $RBA $CRL $CACI $PKI $JCOM $GLPI $RBNC ...  https://t.co/TBYRpvrFqi,en,[],['https://swingtradebot.com/alerts/42-rose-above-previous-day-s-high'],[],0,0,0,[],"['gdx', 'nio', 'tme', 'tal', 'htht', 'x', 'tmo', 'lh', 'gps', 'peak', 'ldos', 'dell', 'gis', 'rba', 'crl', 'caci', 'pki', 'jcom', 'glpi', 'rbnc']",https://twitter.com/SwingTradeBot/status/1353722994007429120,False,,0,,,,,,,,[],,,,
1353714585283387392,1353714585283387392,2021-01-25 15:41:22 CET,2021-01-25,15:41:22,+0200,72928001,briefingcom,Briefing.com,,$CVS $DRH $PSN $LDOS $SAIC $PHG,in,[],[],[],0,0,0,[],"['cvs', 'drh', 'psn', 'ldos', 'saic', 'phg']",https://twitter.com/Briefingcom/status/1353714585283387392,False,https://twitter.com/Briefingcom/status/1353714136899670016,0,,,,,,,,[],,,,
1353712024803549186,1353712024803549186,2021-01-25 15:31:12 CET,2021-01-25,15:31:12,+0200,627695874,ioinvestors,InvestorsObserver,,"$PSN announced today that it would lead an industry team of $LDOS, $SAIC, and SRC Inc, in pursuit of a 10-year, $953 million effort with the U.S. Air Forces in Europe and Air Forces Africa...  https://t.co/EETFjTueWC  https://t.co/Dl8nYYShbr  https://t.co/aiwvUEd1uk",en,[],"['https://www.investorsobserver.com/symbols/psn', 'https://www.investorsobserver.com/symbols/saic', 'https://www.investorsobserver.com/symbols/ldos']",[],0,0,1,[],"['psn', 'ldos', 'saic']",https://twitter.com/IOInvestors/status/1353712024803549186,False,,0,,,,,,,,[],,,,
1353692635823800322,1353692635823800322,2021-01-25 14:14:09 CET,2021-01-25,14:14:09,+0200,121370906,chartmill,ChartMill,,"Most gaining stocks in the S&amp;P500 today: $AEP, $HD and $LDOS  https://t.co/NIavPlmIb1",en,[],['https://www.chartmill.com/stock/stock-screener?v=3&f=ind_22&s=pt&utm_source=twitterUS&utm_medium=screener&utm_content=Stock_Screener:_top_S&P500_gainers&utm_campaign=social_tracking'],[],0,0,0,[],"['aep', 'hd', 'ldos']",https://twitter.com/ChartMill/status/1353692635823800322,False,,0,,,,,,,,[],,,,
1353690469364981761,1353690469364981761,2021-01-25 14:05:32 CET,2021-01-25,14:05:32,+0200,1332193514235457536,beekenindustri,Beeken Industrial,,$LDOS $PSN $SAIC - Parsons Team Ready to Protect U.S. Air Force Air Bases  https://t.co/I8BAvuZcrB  https://t.co/X59q2dyf1G,en,[],['https://www.beeken.io/bhlp?utm_content=newsfeed-Industrial%20Goods-LDOS&utm_source=dlvr.it&utm_medium=twitter'],['https://pbs.twimg.com/media/EslGTvmUcAICyCN.jpg'],0,0,0,[],"['ldos', 'psn', 'saic']",https://twitter.com/BeekenIndustri/status/1353690469364981761,False,,1,https://pbs.twimg.com/media/EslGTvmUcAICyCN.jpg,,,,,,,[],,,,
1353687733059858432,1353687733059858432,2021-01-25 13:54:40 CET,2021-01-25,13:54:40,+0200,472650465,otcdynamics,"OTC Dynamics, Inc.",,$LDOS Parsons Team Ready to Protect U.S. Air Force Air Bases  https://t.co/JvXidqyFyH,en,[],['https://www.otcdynamics.com/ldos-parsons-team-ready-to-protect-u-s-air-force-air-bases/?utm_campaign=twitter&utm_medium=twitter&utm_source=twitter'],[],0,0,0,[],['ldos'],https://twitter.com/otcdynamics/status/1353687733059858432,False,,0,,,,,,,,[],,,,
1353685425181913089,1353685425181913089,2021-01-25 13:45:30 CET,2021-01-25,13:45:30,+0200,963495628545327104,stckpro,STCK.PRO,,$LDOS $PSN $SAIC NEW ARTICLE : Parsons Team Ready to Protect U.S. Air Force Air Bases  https://t.co/qbOFRWhw4v Get all the latest $LDOS related news here :  https://t.co/pQ6qXqVlWz  https://t.co/3qVdpzLjnB,en,[],"['https://www.stck.pro/news/LDOS/10567228', 'https://www.stck.pro/news/LDOS']",['https://pbs.twimg.com/media/EslBuHcXEAEK0ZX.jpg'],0,0,0,[],"['ldos', 'psn', 'saic', 'ldos']",https://twitter.com/StckPro/status/1353685425181913089,False,,1,https://pbs.twimg.com/media/EslBuHcXEAEK0ZX.jpg,,,,,,,[],,,,
1353684080873910273,1353684080873910273,2021-01-25 13:40:09 CET,2021-01-25,13:40:09,+0200,3646985662,sbwcws,Shifting Wealth,,Parsons to lead industry team to work with U.S. Air Forces in Europe and Africa $PSN $LDOS $SAIC,en,[],[],[],0,0,1,[],"['psn', 'ldos', 'saic']",https://twitter.com/sbwcws/status/1353684080873910273,False,,0,,,,,,,,[],,,,
1353681651188916224,1353681651188916224,2021-01-25 13:30:30 CET,2021-01-25,13:30:30,+0200,1254035253104181256,stock_titan,Stock Titan,,$PSN $LDOS $SAIC Parsons Team Ready to Protect U.S. Air Force Air Bases  https://t.co/L16KYtjT6p,en,[],['https://www.stocktitan.net/news/PSN/parsons-team-ready-to-protect-u-s-air-force-air-4s5714xzh0eg.html'],[],0,0,0,[],"['psn', 'ldos', 'saic']",https://twitter.com/stock_titan/status/1353681651188916224,False,,0,,,,,,,,[],,,,
1353575898230910978,1353575898230910978,2021-01-25 06:30:17 CET,2021-01-25,06:30:17,+0200,374729426,tickeron,Tickeron,,$LDOS's in Uptrend: Moving Average Convergence Divergence (MACD) Histogram just turned positive. View odds for this and other indicators:  https://t.co/hjeRQA3G5o #LeidosHoldings #stockmarket #stock #technicalanalysis #money #trading #investing #daytrading #news #today  https://t.co/bimspW5mWp,en,[],['https://srnk.us/go/2485095'],['https://pbs.twimg.com/media/EsjeGzDVkAI7--j.jpg'],0,0,0,"['leidosholdings', 'stockmarket', 'stock', 'technicalanalysis', 'money', 'trading', 'investing', 'daytrading', 'news', 'today']",['ldos'],https://twitter.com/Tickeron/status/1353575898230910978,False,,1,https://pbs.twimg.com/media/EsjeGzDVkAI7--j.jpg,,,,,,,[],,,,
1353463980791050246,1353463980791050246,2021-01-24 23:05:33 CET,2021-01-24,23:05:33,+0200,1648718605,mkt5challenge,Millionaire Starter Club,,"On Friday, $PHM, $ABC, $CLX, $LDOS, and $KSU were the top five that moved higher.",en,[],[],[],0,1,0,[],"['phm', 'abc', 'clx', 'ldos', 'ksu']",https://twitter.com/Mkt5Challenge/status/1353463980791050246,False,,0,,,,,,,,[],,,,
1353405427598249986,1353405427598249986,2021-01-24 19:12:53 CET,2021-01-24,19:12:53,+0200,754386647425306624,cavallimedia1,Cavalli Picks,,$KULR breaking out on EV and space plays. $SPCE $GE $LMT $BA $NOC $GD $HON $MMM $AMZN $LHX $RTX $LDOS $HII $LIN $TDG $IBM $BWXT $BW $AJRD $AWI $WWD $CWD $BDC  https://t.co/AwrgR9PQJQ,in,[],['https://seekingalpha.com/instablog/21922151-bioresearch-alert/5546809-kulr-be-just-starting-big-breakout-in-red-hot-ev-and-space-travel-sectors'],[],0,1,2,[],"['kulr', 'spce', 'ge', 'lmt', 'ba', 'noc', 'gd', 'hon', 'mmm', 'amzn', 'lhx', 'rtx', 'ldos', 'hii', 'lin', 'tdg', 'ibm', 'bwxt', 'bw', 'ajrd', 'awi', 'wwd', 'cwd', 'bdc']",https://twitter.com/cavallimedia1/status/1353405427598249986,False,,0,,,,,,,,[],,,,
1353375132501372929,1353375130097999872,2021-01-24 17:12:30 CET,2021-01-24,17:12:30,+0200,720780706746613760,jbmgstocktrades,JBMG Stock Trades,,"$YALA, $XL, $GLUU, $CRSR, $GDRX, $SHOP, $AAPL, $NIO, $SNAP, $SPOT, $ILMN, $PLTR, $VEEV, $EA, $TDOC, $ANSS, $DDOG, $ZS, $WDAY, $ENPH, $COUP, $FTNT, $EXAS, $MDB, $VIPS, $DKNG, $TRMB, $LDOS, $GDDY, $DT, $FBHS, $BSY, $FIVN, $ZNGA, $PCTY, $LAZR, $DADA, $KC, $ST, $SMAR, $ARWR, $PFPT",in,[],[],[],1,0,0,[],"['yala', 'xl', 'gluu', 'crsr', 'gdrx', 'shop', 'aapl', 'nio', 'snap', 'spot', 'ilmn', 'pltr', 'veev', 'ea', 'tdoc', 'anss', 'ddog', 'zs', 'wday', 'enph', 'coup', 'ftnt', 'exas', 'mdb', 'vips', 'dkng', 'trmb', 'ldos', 'gddy', 'dt', 'fbhs', 'bsy', 'fivn', 'znga', 'pcty', 'lazr', 'dada', 'kc', 'st', 'smar', 'arwr', 'pfpt']",https://twitter.com/JBMGStockTrades/status/1353375132501372929,False,,0,,,,,,,,[],,,,
1353274064505167872,1353274064505167872,2021-01-24 10:30:54 CET,2021-01-24,10:30:54,+0200,1353211811638751234,tiger01255,Tiger,,#earnings before the open tomorrow   $AMRN $BP $CYBR $KPTI $RL $FIS $TREE $IPHI $LDOS $CNK $USFD $INCY $MNK $LGIH $AMCX $SPNS $VMC $ACM $EMR $CHFS $ARMK $HLNE $DEA $SPR $ATI $EXC $NVMI $HAKA $ALLT $OPTN $WEC $EVFM $KKR $AME $TTI $TECH $LEA $VSH $WRK  https://t.co/MS2Mgkfter,en,[],[],['https://pbs.twimg.com/media/EsfLlPAXYAAiwdg.jpg'],1,0,0,['earnings'],"['amrn', 'bp', 'cybr', 'kpti', 'rl', 'fis', 'tree', 'iphi', 'ldos', 'cnk', 'usfd', 'incy', 'mnk', 'lgih', 'amcx', 'spns', 'vmc', 'acm', 'emr', 'chfs', 'armk', 'hlne', 'dea', 'spr', 'ati', 'exc', 'nvmi', 'haka', 'allt', 'optn', 'wec', 'evfm', 'kkr', 'ame', 'tti', 'tech', 'lea', 'vsh', 'wrk']",https://twitter.com/Tiger01255/status/1353274064505167872,False,,1,https://pbs.twimg.com/media/EsfLlPAXYAAiwdg.jpg,,,,,,,[],,,,
1353245385175654400,1353245385175654400,2021-01-24 08:36:56 CET,2021-01-24,08:36:56,+0200,374729426,tickeron,Tickeron,,$LDOS's in Uptrend: Moving Average Convergence Divergence (MACD) Histogram just turned positive. View odds for this and other indicators:  https://t.co/cMwcPinIAL #LeidosHoldings #stockmarket #stock #technicalanalysis #money #trading #investing #daytrading #news #today  https://t.co/y6XzW54YMf,en,[],['https://srnk.us/go/2483351'],['https://pbs.twimg.com/media/EsexgasUcAIPQK2.jpg'],0,1,0,"['leidosholdings', 'stockmarket', 'stock', 'technicalanalysis', 'money', 'trading', 'investing', 'daytrading', 'news', 'today']",['ldos'],https://twitter.com/Tickeron/status/1353245385175654400,False,,1,https://pbs.twimg.com/media/EsexgasUcAIPQK2.jpg,,,,,,,[],,,,
1352867613135659008,1352867613135659008,2021-01-23 07:35:48 CET,2021-01-23,07:35:48,+0200,374729426,tickeron,Tickeron,,$LDOS's in Uptrend: Moving Average Convergence Divergence (MACD) Histogram just turned positive. View odds for this and other indicators:  https://t.co/dbe98jlysD #LeidosHoldings #stockmarket #stock #technicalanalysis #money #trading #investing #daytrading #news #today  https://t.co/bRJFbVpVkN,en,[],['https://srnk.us/go/2480128'],['https://pbs.twimg.com/media/EsZZ7M_UUAA4fwL.jpg'],0,0,1,"['leidosholdings', 'stockmarket', 'stock', 'technicalanalysis', 'money', 'trading', 'investing', 'daytrading', 'news', 'today']",['ldos'],https://twitter.com/Tickeron/status/1352867613135659008,False,,1,https://pbs.twimg.com/media/EsZZ7M_UUAA4fwL.jpg,,,,,,,[],,,,
1352866071133487107,1352866071133487107,2021-01-23 07:29:41 CET,2021-01-23,07:29:41,+0200,1134049078424162304,newsfilterio,Investor News,,Will Bell Unit Remain an Overhang on Textron Q4 Earnings? $TXT $TDY $CW $LDOS  https://t.co/lnL2ENxrDl,en,[],['https://newsfilter.io/articles/will-bell-unit-remain-an-overhang-on-textron-txt-q4-earnings-b0e9b901942b85cbc4d2b92701cca126'],[],0,0,0,[],"['txt', 'tdy', 'cw', 'ldos']",https://twitter.com/newsfilterio/status/1352866071133487107,False,,0,,,,,,,,[],,,,
1352865572497850368,1352865572497850368,2021-01-23 07:27:42 CET,2021-01-23,07:27:42,+0200,1134049078424162304,newsfilterio,Investor News,,Poor Segmental Performance to Hurt Boeing's Q4 Earnings $BA $TDY $CW $LDOS  https://t.co/hrMXqTj2W6,en,[],['https://newsfilter.io/articles/poor-segmental-performance-to-hurt-boeings-ba-q4-earnings-4637e4718c52aa8e7ffd7c97a568d141'],[],0,0,0,[],"['ba', 'tdy', 'cw', 'ldos']",https://twitter.com/newsfilterio/status/1352865572497850368,False,,0,,,,,,,,[],,,,
1352864310276579328,1352864310276579328,2021-01-23 07:22:41 CET,2021-01-23,07:22:41,+0200,1134049078424162304,newsfilterio,Investor News,,What Awaits Teledyne Technologies in Q4 Earnings? $FLIR $TDY $LDOS $RTX  https://t.co/g2uc0FDlwU,en,[],['https://newsfilter.io/articles/what-awaits-teledyne-technologies-tdy-in-q4-earnings-3da4fe9dcfe045aa3356ff0bbf52c577'],[],0,0,0,[],"['flir', 'tdy', 'ldos', 'rtx']",https://twitter.com/newsfilterio/status/1352864310276579328,False,,0,,,,,,,,[],,,,
1352858779524726784,1352858779524726784,2021-01-23 07:00:42 CET,2021-01-23,07:00:42,+0200,1134049078424162304,newsfilterio,Investor News,,Will Segmental Performance Aid General Dynamics Q4 Earnings? $GD $TDY $LDOS $RTX  https://t.co/HI7lAJ7kky,en,[],['https://newsfilter.io/articles/will-segmental-performance-aid-general-dynamics-gd-q4-earnings-816843e407ea8131e9f7591812c9dfd3'],[],0,0,0,[],"['gd', 'tdy', 'ldos', 'rtx']",https://twitter.com/newsfilterio/status/1352858779524726784,False,,0,,,,,,,,[],,,,
1352827417539260425,1352827417539260425,2021-01-23 04:56:05 CET,2021-01-23,04:56:05,+0200,930183210792816640,fenganime,FengAnime,,"Time to invest:  $LMT $BA $NOC $GD $RTX $LDOS   Lockheed Martin (NYSE:LMT) is the world's largest defense pure play, with a focus on aviation, missiles, and missile defense. It‚Äôs the lead contractor on the F-35 Joint Strike Fighter, the world‚Äôs most expensive airplane. LETS GO!",en,[],[],[],1,0,0,[],"['lmt', 'ba', 'noc', 'gd', 'rtx', 'ldos']",https://twitter.com/FengAnime/status/1352827417539260425,False,https://twitter.com/zerosum24/status/1352818656640688128,0,,,,,,,,[],,,,
1352755310394413056,1350652565906604032,2021-01-23 00:09:33 CET,2021-01-23,00:09:33,+0200,1347843205497176068,tradingbilly,Billy trading,,$PLTR Ë∫çÈÄ≤„ÄÇÊúùËµ∑„Åç„Åü„ÇâÊ†™‰æ°„ÅåË∑≥„Å≠„Å¶„ÅÑ„ÇãÊôÇ„Åª„Å©Â¨â„Åó„ÅÑ‰∫ã„ÅØ„Å™„ÅÑ„ÄÇ Ê©üÈñ¢ÊäïË≥áÂÆ∂„ÅÆÂãï„Åç„Å™„ÅÆ„ÅØÊòéÁ¢∫„Å†„Åå„ÄÅÂêåÊ•≠„ÅÆÈò≤Ë°õAIÈäòÊüÑ„ÄÄ$LDOS $BAH „ÇÇ‰∏ä„Åå„Å£„Å¶„ÅÑ„Çã„ÅÆ„ÅØÊ≥®ÁõÆ„Åó„Åü„ÅÑ„ÄÇ  „Åü„Å†„ÄÅ„Åæ„Å†Ê†™Êï∞ÂçÅÂàÜ„Åß„Å™„ÅÑ„Çø„Ç§„Éü„É≥„Ç∞„ÅÆÁàÜÈ®∞„Å™„ÅÆ„ÅßÂ¨â„Åó„ÅïÂçäÂàÜ„ÄÇ„Å©„Åì„Åã„ÅßDip„ÅÆÊäº„Åó„ÇÅË≤∑„ÅÑ„Çí„Åó„Åü„ÅÑ„Å®„Åì„Çç„Å†„Åå„ÄÅ„ÄÅ„ÄÅ„ÄÇ #Á±≥ÂõΩÊ†™  $PLTR,ja,[],[],[],0,0,0,['Á±≥ÂõΩÊ†™'],"['pltr', 'ldos', 'bah', 'pltr']",https://twitter.com/TradingBilly/status/1352755310394413056,False,,0,,,,,,,,[],,,,
1352730406261547009,1352730406261547009,2021-01-22 22:30:36 CET,2021-01-22,22:30:36,+0200,1204967326543699968,stocksoftheday1,stocksoftheday,,$LDOS Leidos Holdings Inc is shooting through the roof with a +2.51% increase today!,en,[],[],[],0,0,0,[],['ldos'],https://twitter.com/stocksoftheday1/status/1352730406261547009,False,,0,,,,,,,,[],,,,
1352719988709318660,1352719988709318660,2021-01-22 21:49:12 CET,2021-01-22,21:49:12,+0200,192743745,twfeditor,Tim Ferguson,,$LDOS Holdings highest in 11 mos for #JPMorgan US Equity fundholders.,en,[],[],[],0,0,0,['jpmorgan'],['ldos'],https://twitter.com/TWFeditor/status/1352719988709318660,False,,0,,,,,,,,[],,,,
1352686122044948491,1352686122044948491,2021-01-22 19:34:37 CET,2021-01-22,19:34:37,+0200,3107645764,jayapted,Jay Apted,,"Trimmed some $LDOS today @ $111.00/share, +$17.24/share since 8/4/2020.",en,[],[],[],2,0,2,[],['ldos'],https://twitter.com/JayApted/status/1352686122044948491,False,,0,,,,,,,,[],,,,
1352685303157334017,1352685303157334017,2021-01-22 19:31:22 CET,2021-01-22,19:31:22,+0200,26583295,marketminute,Michele Schneider,,$LDOS-dont know where to look first! Pick list doing quite well,en,[],[],[],0,0,1,[],['ldos'],https://twitter.com/marketminute/status/1352685303157334017,False,,0,,,,,,,,[],,,,
1352668006141276162,1352668006141276162,2021-01-22 18:22:38 CET,2021-01-22,18:22:38,+0200,2422703600,swingtradebot,SwingTradeBot,,Rose Above Upper Bollinger Band today: $OTRKP $LDOS $MARK $NVO $LDSF $LEJU $LMRKN $LOACR $LYL ...  https://t.co/AyIukUGmib,en,[],['https://swingtradebot.com/alerts/23-rose-above-upper-bollinger-band'],[],0,0,0,[],"['otrkp', 'ldos', 'mark', 'nvo', 'ldsf', 'leju', 'lmrkn', 'loacr', 'lyl']",https://twitter.com/SwingTradeBot/status/1352668006141276162,False,,0,,,,,,,,[],,,,
1352528501925060609,1352528501925060609,2021-01-22 09:08:18 CET,2021-01-22,09:08:18,+0200,1298444424247033856,t66941994,T „Éù„Ç§Ê¥ªÊäïË≥áÂÆ∂ÔºàT„Éù„Ç§„É≥„Éà„ÅßÁ±≥ÂõΩÊ†™„Éõ„Ç§„Éõ„Ç§Ë≤∑„Å£„Å¶„Åæ„Åô,,$ARKX „ÅÆÈäòÊüÑ‰∫àÊÉ≥„ÄÇÁ∑èÂêàÁöÑÊäÄË°ì„Å®„ÅÑ„ÅÜ„Åì„Å®„Åß„ÄÅ‰ª•‰∏ã„ÅÆÈäòÊüÑ„Å™„Å©„ÇÇ„É™„Çπ„Éà„Åï„Çå„Å¶„ÅÑ„Çã„ÄÇ $DDD $AIN $CGNX $CMTL $CUB $ESLT $GILT $GOGO $HON ‰∏ÄËá¥ $KTOS ‰∏ÄËá¥ $KVHI $LDOS $MOG.A $PCRFY „Éë„Éä„ÇΩ„Éã„ÉÉ„ÇØÔºÅ $RTX $SSYS $TSLA ‚Üê„Å†„Çà„Å≠„Åà ÔºÉÁ±≥ÂõΩÊ†™ #Á±≥ÂõΩÊ†™ÊäïË≥á   https://t.co/c40k1OcmiS,ja,[],['https://seekingalpha.com/news/3653165-stocks-expected-to-land-in-space-etfs-include-enabling-tech-names'],[],0,0,1,"['Á±≥ÂõΩÊ†™', 'Á±≥ÂõΩÊ†™ÊäïË≥á']","['arkx', 'ddd', 'ain', 'cgnx', 'cmtl', 'cub', 'eslt', 'gilt', 'gogo', 'hon', 'ktos', 'kvhi', 'ldos', 'mog.a', 'pcrfy', 'rtx', 'ssys', 'tsla']",https://twitter.com/T66941994/status/1352528501925060609,False,,0,,,,,,,,[],,,,
1352395068003340288,1352395068003340288,2021-01-22 00:18:05 CET,2021-01-22,00:18:05,+0200,754386647425306624,cavallimedia1,Cavalli Picks,,$UCLE could be prime contractor for Star Trek rocket engines for close to speed of light space travel. $SPCE $GE $LMT $BA $NOC $GD $HON $MMM $AMZN $LHX $RTX $LDOS $HII $LIN $TDG $IBM $BWXT $BW $AJRD $AWI $WWD $CWD $BDC  https://t.co/AnsNzgrNU4,en,[],['https://seekingalpha.com/instablog/21922151-bioresearch-alert/5544007-futuristic-star-trek-rocket-engines-be-sooner-you-think'],[],0,1,4,[],"['ucle', 'spce', 'ge', 'lmt', 'ba', 'noc', 'gd', 'hon', 'mmm', 'amzn', 'lhx', 'rtx', 'ldos', 'hii', 'lin', 'tdg', 'ibm', 'bwxt', 'bw', 'ajrd', 'awi', 'wwd', 'cwd', 'bdc']",https://twitter.com/cavallimedia1/status/1352395068003340288,False,,0,,,,,,,,[],,,,
1352389203250847744,1352389203250847744,2021-01-21 23:54:46 CET,2021-01-21,23:54:46,+0200,938607170723119104,thestockdork,The Stock Dork,,They say military stocks are some of the safest options in trying economic times... check out these hot defense stocks:  https://t.co/bC0tblOs93 $LMT $NOC $BA $RTX $GD $LDOS $KTOS $FLIR $FEYE  https://t.co/tQsFJrTpX4,en,[],['https://www.thestockdork.com/defense-stocks/'],['https://pbs.twimg.com/media/EsSmz51XAAAfcE-.jpg'],0,0,0,[],"['lmt', 'noc', 'ba', 'rtx', 'gd', 'ldos', 'ktos', 'flir', 'feye']",https://twitter.com/thestockdork/status/1352389203250847744,False,,1,https://pbs.twimg.com/media/EsSmz51XAAAfcE-.jpg,,,,,,,[],,,,
1352286078305185798,1352286064564723714,2021-01-21 17:04:59 CET,2021-01-21,17:04:59,+0200,1250830691824283648,stockmktnewz,Stock Market News,,Leidos $LDOS Moog $MOG.A Panasonic $PCRFY Raytheon $RTX Stratasys $SSYS,lt,[],[],[],0,1,3,[],"['ldos', 'mog.a', 'pcrfy', 'rtx', 'ssys']",https://twitter.com/StockMKTNewz/status/1352286078305185798,False,,0,,,,,,,,[],,,,
1352273887648645122,1352273887648645122,2021-01-21 16:16:33 CET,2021-01-21,16:16:33,+0200,56678999,marketcycles,Stock Traders Daily,,How to Trade: How to trade Leidos Holdings Inc $LDOS With Risk Controls  https://t.co/ikC5IgRpcL Click for Details  https://t.co/KUjBXxBCYO,en,[],['http://dlvr.it/Rr35Dp'],['https://pbs.twimg.com/media/EsQ971MUwAcT1cV.png'],0,0,0,[],['ldos'],https://twitter.com/marketcycles/status/1352273887648645122,False,,1,https://pbs.twimg.com/media/EsQ971MUwAcT1cV.png,,,,,,,[],,,,
1352269768548560901,1352269768548560901,2021-01-21 16:00:11 CET,2021-01-21,16:00:11,+0200,56678999,marketcycles,Stock Traders Daily,,How to trade Leidos Holdings Inc $LDOS With Risk Controls  https://t.co/MLC7HrnVIm  https://t.co/Z0VhIOMyqH,en,[],['https://tinyurl.com/yyrfmgor'],['https://pbs.twimg.com/media/EsQ6MCMXIAUoCPj.jpg'],0,0,0,[],['ldos'],https://twitter.com/marketcycles/status/1352269768548560901,False,,1,https://pbs.twimg.com/media/EsQ6MCMXIAUoCPj.jpg,,,,,,,[],,,,
1352266248097312775,1352266248097312775,2021-01-21 15:46:12 CET,2021-01-21,15:46:12,+0200,916787510822436864,topstockalerts1,Top Stock Alerts,,7 Cheap Tech Stocks For 2021 That Are a Bargain For Their Growth Potential  $XPER $NLOK $LDOS     https://t.co/H41MUGdiKg,en,[],['https://investorplace.com/2021/01/7-cheap-stocks-for-2021-that-are-a-bargain-for-growth/'],[],0,1,4,[],"['xper', 'nlok', 'ldos']",https://twitter.com/TopStockAlerts1/status/1352266248097312775,False,,0,,,,,,,,[],,,,
1352240564121563138,1352240564121563138,2021-01-21 14:04:08 CET,2021-01-21,14:04:08,+0200,925157978101055489,mercutos,Mercutos,,$SIRC 100% Buy rating.  #ESG #green #SOLAR   $NOC $RTN $BA $LMT $MKC $HII $LLL $LDOS $ACM $BSAH $HUM $SAIC $KTOS $IBM $NLOK $RPD $MSFT $AAPL $AMZN $FB $CYBR $CSCO $CARB  https://t.co/QejrwUlKaz,in,[],['https://www.barchart.com/stocks/quotes/SIRC/opinion'],[],0,0,3,"['esg', 'green', 'solar']","['sirc', 'noc', 'rtn', 'ba', 'lmt', 'mkc', 'hii', 'lll', 'ldos', 'acm', 'bsah', 'hum', 'saic', 'ktos', 'ibm', 'nlok', 'rpd', 'msft', 'aapl', 'amzn', 'fb', 'cybr', 'csco', 'carb']",https://twitter.com/Mercutos/status/1352240564121563138,False,,0,,,,,,,,[],,,,
1352203780587200512,1352203780587200512,2021-01-21 11:37:58 CET,2021-01-21,11:37:58,+0200,14933262,investorplace,InvestorPlace,,"Looking for #growth in cheap #tech stocks? We've got 7 this morning for you to review, including $NLOK $LDOS $XPER  https://t.co/nqY1yM6hBe",en,[],['https://bit.ly/39P17MR'],[],0,1,2,"['growth', 'tech']","['nlok', 'ldos', 'xper']",https://twitter.com/InvestorPlace/status/1352203780587200512,False,,0,,,,,,,,[],,,,
1352049186611499011,1352049186611499011,2021-01-21 01:23:40 CET,2021-01-21,01:23:40,+0200,1351544588519915520,vijayraj11122,Vijay,,#earnings before the open tomorrow   $AMRN $BP $CYBR $KPTI $RL $FIS $TREE $IPHI $LDOS $CNK $USFD $INCY $MNK $LGIH $AMCX $SPNS $VMC $ACM $EMR $CHFS $ARMK $HLNE $DEA $SPR $ATI $EXC $NVMI $HAKA $ALLT $OPTN $WEC $EVFM $KKR $AME $TTI $TECH $LEA $VSH $WRK  https://t.co/YdgfGSWKgq,en,[],[],['https://pbs.twimg.com/media/EsNxgG8XYAI-NRz.jpg'],0,0,0,['earnings'],"['amrn', 'bp', 'cybr', 'kpti', 'rl', 'fis', 'tree', 'iphi', 'ldos', 'cnk', 'usfd', 'incy', 'mnk', 'lgih', 'amcx', 'spns', 'vmc', 'acm', 'emr', 'chfs', 'armk', 'hlne', 'dea', 'spr', 'ati', 'exc', 'nvmi', 'haka', 'allt', 'optn', 'wec', 'evfm', 'kkr', 'ame', 'tti', 'tech', 'lea', 'vsh', 'wrk']",https://twitter.com/Vijayraj11122/status/1352049186611499011,False,,1,https://pbs.twimg.com/media/EsNxgG8XYAI-NRz.jpg,,,,,,,[],,,,
1352034429477167105,1352034429477167105,2021-01-21 00:25:02 CET,2021-01-21,00:25:02,+0200,1297323711935070208,greatstockmark1,Great Stock Marketer,,9 Days Up: $PSNL $REGN $ZS 7 Days Up: $VRT 6 Days Up: $AAXN $TCEHY $BCRX $BAND $LDOS 5 Days Up: $OTRK $GSX $BABA $ILMN $ATVI $MO 4 Days Up: $ONEM $EXPI $MAXR $FTHM $HACK $TOL $GILD $PZZA  Surprised to see 4 green days of $GILD after long time!  #stocks #StocksToWatch #study  https://t.co/BcQ4magQXi,en,[],[],['https://pbs.twimg.com/media/EsNjjeBVkAQIfRV.jpg'],0,0,0,"['stocks', 'stockstowatch', 'study']","['psnl', 'regn', 'zs', 'vrt', 'aaxn', 'tcehy', 'bcrx', 'band', 'ldos', 'otrk', 'gsx', 'baba', 'ilmn', 'atvi', 'mo', 'onem', 'expi', 'maxr', 'fthm', 'hack', 'tol', 'gild', 'pzza', 'gild']",https://twitter.com/GreatStockMark1/status/1352034429477167105,False,,1,https://pbs.twimg.com/media/EsNjjeBVkAQIfRV.jpg,,,,,,,[],,,,
1352010401211420678,1352010401211420678,2021-01-20 22:49:33 CET,2021-01-20,22:49:33,+0200,1315434407692509184,earningsflyinc,Earningsfly Stock Research Bot,,"Leidos Holdings, Inc current quarter revenue growth YoY of 14.40% ranked 1130 out of 5414 companies in our database.    https://t.co/xUwnp3Ef1o $LDOS  üöÄüöÄüöÄüöÄüöÄ  https://t.co/65tgOWmp9H",en,[],['https://www.earningsfly.com/stocks/ldos?source=twitter-bot'],['https://pbs.twimg.com/media/EsNOS4RW4AA4GE5.png'],0,0,0,[],['ldos'],https://twitter.com/earningsflyinc/status/1352010401211420678,False,,1,https://pbs.twimg.com/media/EsNOS4RW4AA4GE5.png,,,,,,,[],,,,
1351919314715234311,1351919314715234311,2021-01-20 16:47:36 CET,2021-01-20,16:47:36,+0200,716737614771044352,optioncharts,max pain,,$LDOS high OI range is 100.00 to 110.00 for option expiration 02/19/2021 PutCallRatio=1.13 #maxpain #options  https://t.co/0RVcQ21FPq  https://t.co/30IJRf6jEt,en,[],['http://maximum-pain.com/options/LDOS?m=02%2f19%2f2021'],['https://pbs.twimg.com/media/EsL7c_HWMAAw1FA.jpg'],0,0,0,"['maxpain', 'options']",['ldos'],https://twitter.com/optioncharts/status/1351919314715234311,False,,1,https://pbs.twimg.com/media/EsL7c_HWMAAw1FA.jpg,,,,,,,[],,,,
1351758372131938304,1351758372131938304,2021-01-20 06:08:05 CET,2021-01-20,06:08:05,+0200,374729426,tickeron,Tickeron,,$LDOS's in Uptrend: Moving Average Convergence Divergence (MACD) Histogram crosses above signal line. View odds for this and other indicators:  https://t.co/9S3jptO3uK #LeidosHoldings #stockmarket #stock #technicalanalysis #money #trading #investing #daytrading #news #today  https://t.co/6Fd5zntSGj,en,[],['https://srnk.us/go/2472928'],['https://pbs.twimg.com/media/EsJpE3zU0AAHi1a.jpg'],0,0,0,"['leidosholdings', 'stockmarket', 'stock', 'technicalanalysis', 'money', 'trading', 'investing', 'daytrading', 'news', 'today']",['ldos'],https://twitter.com/Tickeron/status/1351758372131938304,False,,1,https://pbs.twimg.com/media/EsJpE3zU0AAHi1a.jpg,,,,,,,[],,,,
1351747979196026880,1351747979196026880,2021-01-20 05:26:47 CET,2021-01-20,05:26:47,+0200,1297323711935070208,greatstockmark1,Great Stock Marketer,,8 Days Up: $LRN $PSNL $REGN $ASAN $ZS  6 Days Up:  $VRT $TLRY $LPRO  5 Days Up:  $AAXN $PLL $TCEHY $LDOS $BCRX $INO $CELH $BAND $ZM  4 Days Up:  $OTRK $GSX $AZN $ILMN $ATVI $MO $BABA $CORT  #stocks #stocksToWatch #study   Focus Chart: $ZS  https://t.co/G5QJZG9114,en,[],[],['https://pbs.twimg.com/media/EsJfnfWVoAA6YLQ.jpg'],0,0,0,"['stocks', 'stockstowatch', 'study']","['lrn', 'psnl', 'regn', 'asan', 'zs', 'vrt', 'tlry', 'lpro', 'aaxn', 'pll', 'tcehy', 'ldos', 'bcrx', 'ino', 'celh', 'band', 'zm', 'otrk', 'gsx', 'azn', 'ilmn', 'atvi', 'mo', 'baba', 'cort', 'zs']",https://twitter.com/GreatStockMark1/status/1351747979196026880,False,,1,https://pbs.twimg.com/media/EsJfnfWVoAA6YLQ.jpg,,,,,,,[],,,,
1351555606889574403,1351555606889574403,2021-01-19 16:42:22 CET,2021-01-19,16:42:22,+0200,1315434407692509184,earningsflyinc,Earningsfly Stock Research Bot,,"Leidos Holdings, Inc current quarter revenue growth YoY of 14.40% ranked 1130 out of 5408 companies in our database.    https://t.co/xUwnp3Ef1o $LDOS  üöÄüöÄüöÄüöÄüöÄ  https://t.co/KZARRO3BIR",en,[],['https://www.earningsfly.com/stocks/ldos?source=twitter-bot'],['https://pbs.twimg.com/media/EsGwqWmXEAE64qJ.png'],0,0,0,[],['ldos'],https://twitter.com/earningsflyinc/status/1351555606889574403,False,,1,https://pbs.twimg.com/media/EsGwqWmXEAE64qJ.png,,,,,,,[],,,,
1351546309363331074,1351546309363331074,2021-01-19 16:05:25 CET,2021-01-19,16:05:25,+0200,1363221768,epstrader,EPS Trader,,$LDOS is breaking out above $99.88 with positive earnings and a target of $115.60.,en,[],[],[],0,0,0,[],['ldos'],https://twitter.com/epstrader/status/1351546309363331074,False,,0,,,,,,,,[],,,,
1351540877777391619,1351540877777391619,2021-01-19 15:43:50 CET,2021-01-19,15:43:50,+0200,720780706746613760,jbmgstocktrades,JBMG Stock Trades,,Added to $DADA Bought $LDOS,en,[],[],[],0,0,0,[],"['dada', 'ldos']",https://twitter.com/JBMGStockTrades/status/1351540877777391619,False,,0,,,,,,,,[],,,,
1351535914124800000,1351535914124800000,2021-01-19 15:24:06 CET,2021-01-19,15:24:06,+0200,1315434407692509184,earningsflyinc,Earningsfly Stock Research Bot,,"Leidos Holdings, Inc current quarter revenue growth YoY of 14.40% ranked 1130 out of 5407 companies in our database.    https://t.co/xUwnp3Ef1o $LDOS  üöÄüöÄüöÄüöÄüöÄ  https://t.co/0L0TINhVCd",en,[],['https://www.earningsfly.com/stocks/ldos?source=twitter-bot'],['https://pbs.twimg.com/media/EsGewGLW4AERn1Y.png'],0,0,0,[],['ldos'],https://twitter.com/earningsflyinc/status/1351535914124800000,False,,1,https://pbs.twimg.com/media/EsGewGLW4AERn1Y.png,,,,,,,[],,,,
1351523952800264192,1351523950354960384,2021-01-19 14:36:35 CET,2021-01-19,14:36:35,+0200,720780706746613760,jbmgstocktrades,JBMG Stock Trades,,"$SPCE, $SMAR, $NVTA, $AZPN, $PLAN, $ZNGA, $FFIV, $DT, $PPD, $TW, $LDOS, $PAGS, $VIPS, $DKNG, $ANET, $FTNT, $TDOC, $PLTR, $DOCU, $CRWD, $MU, $STRO, $BALY, $PRPL, $SPT, $WKHS, $SONO, $SWTX, $SPWR, $NVAX, $DADA, $NICE, $MDB, $COUP, $ZS, $SHOP",in,[],[],[],0,0,0,[],"['spce', 'smar', 'nvta', 'azpn', 'plan', 'znga', 'ffiv', 'dt', 'ppd', 'tw', 'ldos', 'pags', 'vips', 'dkng', 'anet', 'ftnt', 'tdoc', 'pltr', 'docu', 'crwd', 'mu', 'stro', 'baly', 'prpl', 'spt', 'wkhs', 'sono', 'swtx', 'spwr', 'nvax', 'dada', 'nice', 'mdb', 'coup', 'zs', 'shop']",https://twitter.com/JBMGStockTrades/status/1351523952800264192,False,,0,,,,,,,,[],,,,
1351435415098540033,1351435415098540033,2021-01-19 08:44:46 CET,2021-01-19,08:44:46,+0200,374729426,tickeron,Tickeron,,$LDOS's in Uptrend: Moving Average Convergence Divergence (MACD) Histogram just turned positive. View odds for this and other indicators:  https://t.co/UMRHqPnu5Y #LeidosHoldings #stockmarket #stock #technicalanalysis #money #trading #investing #daytrading #news #today  https://t.co/TVs7we36Hs,en,[],['https://srnk.us/go/2470816'],['https://pbs.twimg.com/media/EsFDWRwVgAQQMvL.jpg'],0,0,0,"['leidosholdings', 'stockmarket', 'stock', 'technicalanalysis', 'money', 'trading', 'investing', 'daytrading', 'news', 'today']",['ldos'],https://twitter.com/Tickeron/status/1351435415098540033,False,,1,https://pbs.twimg.com/media/EsFDWRwVgAQQMvL.jpg,,,,,,,[],,,,
1351204152312016896,1351202010796851201,2021-01-18 17:25:48 CET,2021-01-18,17:25:48,+0200,1295398419339640836,optionsbbq,Bob üî•üå∂üçñ(BBQ & Trading),,Consolidated list #OptionsBBQ $ADBE $AKAM $AMZN $AMD $AAPL $AVGO $CSCO $GOOG $INTC $KEYS $LDOS $MRVL $MSFT $NVIDA $ORCL $PYPL $QCOM $CRM $SQ $TSM $TXN $TTD $UI  https://t.co/w2TmBzkhka,en,[],[],['https://pbs.twimg.com/media/EsBwt2yXYAAPpoa.jpg'],2,0,1,['optionsbbq'],"['adbe', 'akam', 'amzn', 'amd', 'aapl', 'avgo', 'csco', 'goog', 'intc', 'keys', 'ldos', 'mrvl', 'msft', 'nvida', 'orcl', 'pypl', 'qcom', 'crm', 'sq', 'tsm', 'txn', 'ttd', 'ui']",https://twitter.com/optionsbbq/status/1351204152312016896,False,,1,https://pbs.twimg.com/media/EsBwt2yXYAAPpoa.jpg,,,,,,,[],,,,
1350856502177898497,1350856502177898497,2021-01-17 18:24:22 CET,2021-01-17,18:24:22,+0200,121370906,chartmill,ChartMill,,"In the last month $LDOS has a been trading in the 101.11 - 108.22 range, which is quite wide.  https://t.co/5YAZyP4Vfw  https://t.co/yFjECmtX32",en,[],['https://www.chartmill.com/stock/analyzer/stock/LDOS?key=48076638-3747-4fc0-b38a-27a363712129&utm_source=twitterUS&utm_medium=TA&utm_content=LDOS&utm_campaign=social_tracking'],['https://pbs.twimg.com/media/Er801KEXUAISe5d.png'],0,0,0,[],['ldos'],https://twitter.com/ChartMill/status/1350856502177898497,False,,1,https://pbs.twimg.com/media/Er801KEXUAISe5d.png,,,,,,,[],,,,
1350504376918564865,1350504376918564865,2021-01-16 19:05:09 CET,2021-01-16,19:05:09,+0200,2422703600,swingtradebot,SwingTradeBot,,Recent $LDOS technical alerts: MACD Bullish Signal Line Cross plus 13 more alerts...  https://t.co/5jYbzi5HRx,fr,[],['https://swingtradebot.com/equities/LDOS'],[],0,0,0,[],['ldos'],https://twitter.com/SwingTradeBot/status/1350504376918564865,False,,0,,,,,,,,[],,,,
1350499339140009988,1350499339140009988,2021-01-16 18:45:08 CET,2021-01-16,18:45:08,+0200,716737614771044352,optioncharts,max pain,,$LDOS Delta expiration 02/19/2021 #maxpain #options  https://t.co/TNcfSx5wKs  https://t.co/5kcBwFOPzO,es,[],['http://maximum-pain.com/greeks/LDOS?m=02%2f19%2f2021'],['https://pbs.twimg.com/media/Er3v_iVW8AIFeMT.jpg'],0,0,0,"['maxpain', 'options']",['ldos'],https://twitter.com/optioncharts/status/1350499339140009988,False,,1,https://pbs.twimg.com/media/Er3v_iVW8AIFeMT.jpg,,,,,,,[],,,,
1350330156909355008,1350330156909355008,2021-01-16 07:32:51 CET,2021-01-16,07:32:51,+0200,1297323711935070208,greatstockmark1,Great Stock Marketer,,7 Days Up: $ASAN 5 Days Up: $VIR $PSNL $LPRO 4 Days Up: $INO $CELH $BCRX $LDOS 3 Days Up: $GMAB $ILMN $CORT  9 Days Down: $SSRM 6 Days Down: $PAAS $EGO 5 Days Down: $CDLX $PAYC $VEEV $VRTX 4 Days Down:  $WIX $AMD $WPM $VRM $CNC $LULU $RUN $SVMK  #stocks #StocksToWatch #study,en,[],[],[],0,2,5,"['stocks', 'stockstowatch', 'study']","['asan', 'vir', 'psnl', 'lpro', 'ino', 'celh', 'bcrx', 'ldos', 'gmab', 'ilmn', 'cort', 'ssrm', 'paas', 'ego', 'cdlx', 'payc', 'veev', 'vrtx', 'wix', 'amd', 'wpm', 'vrm', 'cnc', 'lulu', 'run', 'svmk']",https://twitter.com/GreatStockMark1/status/1350330156909355008,False,,0,,,,,,,,[],,,,
1350296403898150913,1350296403898150913,2021-01-16 05:18:44 CET,2021-01-16,05:18:44,+0200,1134049078424162304,newsfilterio,Investor News,,TransDigm's Unit Prices 4.6% Senior Notes Worth $1.2B $TDG $DCO $LDOS $RADA  https://t.co/OIf1ddxp5D,in,[],['https://newsfilter.io/articles/transdigms-tdg-unit-prices-46-senior-notes-worth-12b-d6fa63b34b9e81aaf04f5e6edc77f2ca'],[],0,0,0,[],"['tdg', 'dco', 'ldos', 'rada']",https://twitter.com/newsfilterio/status/1350296403898150913,False,,0,,,,,,,,[],,,,
1350192931387420672,1350192931387420672,2021-01-15 22:27:34 CET,2021-01-15,22:27:34,+0200,963495628545327104,stckpro,STCK.PRO,,"$LDOS NEW ARTICLE : Leidos Schedules Fourth Quarter and Full Year 2020 Earnings Conference Call for Feb. 23, 2021 at 8 a.m. (ET)  https://t.co/ZJQMcjuemr Get all the latest $LDOS related news here :  https://t.co/pQ6qXqVlWz  https://t.co/GfCWzefGlF",en,[],"['https://www.stck.pro/news/LDOS/10354710', 'https://www.stck.pro/news/LDOS']",['https://pbs.twimg.com/media/ErzZUNwXcAEWMak.jpg'],0,0,0,[],"['ldos', 'ldos']",https://twitter.com/StckPro/status/1350192931387420672,False,,1,https://pbs.twimg.com/media/ErzZUNwXcAEWMak.jpg,,,,,,,[],,,,
1350186425787027458,1350186425787027458,2021-01-15 22:01:43 CET,2021-01-15,22:01:43,+0200,1134049078424162304,newsfilterio,Investor News,,"Leidos Schedules Fourth Quarter and Full Year 2020 Earnings Conference Call for Feb. 23, 2021 at 8 a.m. $LDOS  https://t.co/gzZVAGmrVV",en,[],['https://newsfilter.io/articles/leidos-schedules-fourth-quarter-and-full-year-2020-earnings-conference-call-for-feb-23-2021-at-8-am--e22751a3cce925c4ce39c8ce798cd3c4'],[],0,0,0,[],['ldos'],https://twitter.com/newsfilterio/status/1350186425787027458,False,,0,,,,,,,,[],,,,
1350181142713028610,1350181142713028610,2021-01-15 21:40:44 CET,2021-01-15,21:40:44,+0200,1134049078424162304,newsfilterio,Investor News,,"Leidos was awarded a new government contract ""Technical Support for Highway Safety"", total contract value: $38,000,000 $LDOS  https://t.co/5QuQ8kqjSo",en,[],['https://newsfilter.io/articles/leidos-was-awarded-a-new-government-contract-technical-support-for-highway-safety-total-contract-val-1be0422422c1441625f97142efd3dd06'],[],0,0,0,[],['ldos'],https://twitter.com/newsfilterio/status/1350181142713028610,False,,0,,,,,,,,[],,,,
1350148891145068548,1350148891145068548,2021-01-15 19:32:34 CET,2021-01-15,19:32:34,+0200,1134049078424162304,newsfilterio,Investor News,,The ‚ÄòScarlet T‚Äô May Taint Only the Unluckiest of Trump Officials $LDOS $BA $CLBR $GD $IBM  https://t.co/xl1ncOdLjE,en,[],['https://newsfilter.io/articles/the-scarlet-t-may-taint-only-the-unluckiest-of-trump-officials-b71a92c5a365432e43be6830f0eae51b'],[],0,0,0,[],"['ldos', 'ba', 'clbr', 'gd', 'ibm']",https://twitter.com/newsfilterio/status/1350148891145068548,False,,0,,,,,,,,[],,,,
1350114652387225604,1350114652387225604,2021-01-15 17:16:31 CET,2021-01-15,17:16:31,+0200,2422703600,swingtradebot,SwingTradeBot,,Rose Above Upper Bollinger Band today: $MTR $LDOS $NIM $SPH ...  https://t.co/AyIukUGmib,en,[],['https://swingtradebot.com/alerts/23-rose-above-upper-bollinger-band'],[],0,0,0,[],"['mtr', 'ldos', 'nim', 'sph']",https://twitter.com/SwingTradeBot/status/1350114652387225604,False,,0,,,,,,,,[],,,,
1350056783474262017,1350056783474262017,2021-01-15 13:26:34 CET,2021-01-15,13:26:34,+0200,2856094212,gobtx1,William Meyers,,Hard to find news for traders by traders @TheTradeXchange with real time money flow and options flow All with @iluvstocks1  $AAXN $AT $$CARG $DM $LDOS $PFE TDY $TEVA  https://t.co/JSWZWfTXfq,en,"[{'screen_name': 'thetradexchange', 'name': 'tradexchange', 'id': '2196092280'}, {'screen_name': 'iluvstocks1', 'name': 'iluvstocks', 'id': '1113567774930956288'}]",[],['https://pbs.twimg.com/media/ErxdX85XMAAQiz-.jpg'],1,2,3,[],"['aaxn', 'at', 'dm', 'ldos', 'pfe', 'teva']",https://twitter.com/gobtx1/status/1350056783474262017,False,,1,https://pbs.twimg.com/media/ErxdX85XMAAQiz-.jpg,,,,,,,[],,,,
1349876872402841601,1349876872402841601,2021-01-15 01:31:40 CET,2021-01-15,01:31:40,+0200,1134049078424162304,newsfilterio,Investor News,,Leidos Completes Acquisition of 1901 Group $LDOS  https://t.co/CkF7gtW9Yb,fr,[],['https://newsfilter.io/articles/leidos-completes-acquisition-of-1901-group-f2640f7e2540fba9cfe1e86710e6c413'],[],0,0,0,[],['ldos'],https://twitter.com/newsfilterio/status/1349876872402841601,False,,0,,,,,,,,[],,,,
1349830434197299201,1349830434197299201,2021-01-14 22:27:08 CET,2021-01-14,22:27:08,+0200,1254146184308035585,dividend_data,Dividend Data,,"Big portfolio restructuring today. Sold out of $UVV, $LDOS, $IBM, $DOW, and $IVZ. Continued consolidation. Also, bought 2 shares of $O at $57.70.",en,[],[],[],8,0,37,[],"['uvv', 'ldos', 'ibm', 'dow', 'ivz', 'o']",https://twitter.com/dividend_data/status/1349830434197299201,False,,0,,,,,,,,[],,,,
1349827529540923392,1349827529540923392,2021-01-14 22:15:36 CET,2021-01-14,22:15:36,+0200,1254035253104181256,stock_titan,Stock Titan,,$LDOS Leidos Completes Acquisition of 1901 Group  https://t.co/6krItaqJc1,fr,[],['https://www.stocktitan.net/news/LDOS/leidos-completes-acquisition-of-1901-2zvcta321g48.html'],[],0,0,0,[],['ldos'],https://twitter.com/stock_titan/status/1349827529540923392,False,,0,,,,,,,,[],,,,
1349799773025529857,1349799773025529857,2021-01-14 20:25:18 CET,2021-01-14,20:25:18,+0200,108511291,anvestillc,Anvesti,,#trading #alerts #stockmarket #AI #ML Algo v3.0 @ 2021-01-14 13:25  #Bullish $ZS ‚¨Ü(Pullback) 1.99 $BYND ‚èè $LDOS ‚¨Ü TTM_Squeeze=On  #Bearish $MKTX ‚¨á $SPGI ‚¨á $FISV ‚¨á  Subscribe 4-full alerts soon @  https://t.co/eVwZMrHaCr,en,[],['http://anvesti.com/'],[],0,2,0,"['trading', 'alerts', 'stockmarket', 'ai', 'ml', 'bullish', 'bearish']","['zs', 'bynd', 'ldos', 'mktx', 'spgi', 'fisv']",https://twitter.com/AnvestiLLC/status/1349799773025529857,False,,0,,,,,,,,[],,,,
1349796932630228994,1349796932630228994,2021-01-14 20:14:01 CET,2021-01-14,20:14:01,+0200,52441265,jeebling,Jim,,"@cvpayne  Charles, I‚Äôm loving my $AVAV this morning and I‚Äôm holding long.  I had to sneak in a few extra shares of $LDOS this morning. They didn‚Äôt get the huge @CathieDWood rise like $MAXR and many others. I think both of you guys are awesome!! üòé‚òÄÔ∏è",en,"[{'screen_name': 'cathiedwood', 'name': 'cathie wood', 'id': '2361631088'}]",[],[],0,1,9,[],"['avav', 'ldos', 'maxr']",https://twitter.com/jeebling/status/1349796932630228994,False,,0,,,,,,,,[],,,,
1349733898922516480,1349733898922516480,2021-01-14 16:03:33 CET,2021-01-14,16:03:33,+0200,1332193514235457536,beekenindustri,Beeken Industrial,,$ARKK $LDOS $LHX $LMT $MAXR $NOC $NPA $SPCE $SRAC - Why Space Stocks Are Rocketing Higher Today  https://t.co/4bDTH2ozEu  https://t.co/4layNDYtDI,en,[],['https://www.beeken.io/bhlp?utm_content=newsfeed-Industrial%20Goods-ARKK&utm_source=dlvr.it&utm_medium=twitter'],['https://pbs.twimg.com/media/Ers31AxVEAMLXdm.jpg'],0,0,0,[],"['arkk', 'ldos', 'lhx', 'lmt', 'maxr', 'noc', 'npa', 'spce', 'srac']",https://twitter.com/BeekenIndustri/status/1349733898922516480,False,,1,https://pbs.twimg.com/media/Ers31AxVEAMLXdm.jpg,,,,,,,[],,,,
1349732893728227334,1349732893728227334,2021-01-14 15:59:33 CET,2021-01-14,15:59:33,+0200,1332184168738955266,beeken_tech,Beeken Technology,,$ARKK $LDOS $LHX $LMT $MAXR $NOC $NPA $SPCE $SRAC - Why Space Stocks Are Rocketing Higher Today  https://t.co/wAM7lQz3fr  https://t.co/Qwy30d5ZQc,en,[],['https://www.beeken.io/bhlp?utm_content=newsfeed-Technology-ARKK&utm_source=dlvr.it&utm_medium=twitter'],['https://pbs.twimg.com/media/Ers26gfVkAgGiVy.jpg'],0,0,0,[],"['arkk', 'ldos', 'lhx', 'lmt', 'maxr', 'noc', 'npa', 'spce', 'srac']",https://twitter.com/beeken_tech/status/1349732893728227334,False,,1,https://pbs.twimg.com/media/Ers26gfVkAgGiVy.jpg,,,,,,,[],,,,
1349732073683124227,1349732073683124227,2021-01-14 15:56:17 CET,2021-01-14,15:56:17,+0200,40149174,louwhiteman,Lou Whiteman,,"Space is hard, so a basket/ETF approach makes sense. Add red-hot Ark to the mix, and space stocks are rocketing higher today. via @themotleyfool #stocks $MAXR $LMT $NOC $LHX $LDOS $ARKK $SPCE $SRAC $NPA  https://t.co/jN8S0ZCXHm",en,"[{'screen_name': 'themotleyfool', 'name': 'the motley fool', 'id': '15568127'}]",['https://www.fool.com/investing/2021/01/14/why-space-stocks-are-rocketing-higher-today/'],[],0,0,5,['stocks'],"['maxr', 'lmt', 'noc', 'lhx', 'ldos', 'arkk', 'spce', 'srac', 'npa']",https://twitter.com/louwhiteman/status/1349732073683124227,False,,0,,,,,,,,[],,,,
1349732012253331462,1349732012253331462,2021-01-14 15:56:03 CET,2021-01-14,15:56:03,+0200,963495628545327104,stckpro,STCK.PRO,,$ARKK $LDOS $LHX NEW ARTICLE : Why Space Stocks Are Rocketing Higher Today  https://t.co/Dt3mePJKW7 Get all the latest $ARKK related news here :  https://t.co/bewxHKUTFL  https://t.co/pdrCuhvGcP,en,[],"['https://www.stck.pro/news/ARKK/10324793', 'https://www.stck.pro/news/ARKK']",['https://pbs.twimg.com/media/Ers2HKTUwAAgva3.jpg'],0,0,0,[],"['arkk', 'ldos', 'lhx', 'arkk']",https://twitter.com/StckPro/status/1349732012253331462,False,,1,https://pbs.twimg.com/media/Ers2HKTUwAAgva3.jpg,,,,,,,[],,,,
1349704048124047361,1349703404239675395,2021-01-14 14:04:56 CET,2021-01-14,14:04:56,+0200,2898455776,elitalianofb,ElItaliano,,"Posibles candidatos: $ORBC , $IRDM , $VSAT , $LORL  , $TRMB , $RTX  , $NOC  , $BA , $LMT , $AJRD , $GRMN  , $HON  , $LHX  , $HEI  , $TDY , $GILT , $CACI , $TRMB, $SIRI , $GRMN , $LDOS y $BLL.   https://t.co/aWwN3n829G",in,[],['https://seekingalpha.com/news/3651398-space-names-take-off-ark-invest-jumps-sector-etf?mail_subject=ba-space-names-take-off-as-ark-invest-jumps-into-sector-with-etf&utm_campaign=rta-stock-news&utm_content=link-3&utm_medium=email&utm_source=seeking_alpha'],[],2,1,8,[],"['orbc', 'irdm', 'vsat', 'lorl', 'trmb', 'rtx', 'noc', 'ba', 'lmt', 'ajrd', 'grmn', 'hon', 'lhx', 'hei', 'tdy', 'gilt', 'caci', 'trmb', 'siri', 'grmn', 'ldos', 'bll']",https://twitter.com/ElItalianoFB/status/1349704048124047361,False,,0,,,,,,,,[],,,,
1349631772934463488,1349631772934463488,2021-01-14 09:17:44 CET,2021-01-14,09:17:44,+0200,39546678,mediasentiment,Media Sentiment¬Æ,,$LDOS  new alert at  https://t.co/A7qrDarJHY  #stocks #daytrading  #NYSE #NASDAQ #market 25,in,[],['http://www.aheadsup.com/twitter/newsentiment.html?user=usequities'],[],0,0,0,"['stocks', 'daytrading', 'nyse', 'nasdaq', 'market']",['ldos'],https://twitter.com/mediasentiment/status/1349631772934463488,False,,0,,,,,,,,[],,,,
1349579492746997761,1349579492746997761,2021-01-14 05:49:59 CET,2021-01-14,05:49:59,+0200,716737614771044352,optioncharts,max pain,,$LDOS Delta expiration 01/15/2021 #maxpain #options  https://t.co/76h4PO9PTI  https://t.co/PwMcdeaHeh,es,[],['http://maximum-pain.com/greeks/LDOS?m=01%2f15%2f2021'],['https://pbs.twimg.com/media/ErqrZbGXAAEHRMU.jpg'],0,0,0,"['maxpain', 'options']",['ldos'],https://twitter.com/optioncharts/status/1349579492746997761,False,,1,https://pbs.twimg.com/media/ErqrZbGXAAEHRMU.jpg,,,,,,,[],,,,
1349513343527108609,1349513343527108609,2021-01-14 01:27:08 CET,2021-01-14,01:27:08,+0200,3068641671,researchpool,ResearchPool,,"$LDOS #Leidos Holdings LDOS - Embedded Expectations Analysis - 2021 01 13: Leidos Holdings, Inc. (LDOS:USA) currently trades above recent averages relative to UAFRS-based (Uniform) earnings, with a 17.8x Uniform P/E. At these levels, the‚Ä¶  https://t.co/OoOvqSz8Sc #equity #stocks  https://t.co/oBwx99y0Q3",en,[],['http://dlvr.it/RqWvmK'],['https://pbs.twimg.com/media/ErpvO1GVoAAUurP.jpg'],0,0,0,"['leidos', 'equity', 'stocks']",['ldos'],https://twitter.com/ResearchPool/status/1349513343527108609,False,,1,https://pbs.twimg.com/media/ErpvO1GVoAAUurP.jpg,,,,,,,[],,,,
1349376440274472960,1349376440274472960,2021-01-13 16:23:08 CET,2021-01-13,16:23:08,+0200,2422703600,swingtradebot,SwingTradeBot,,Rose Above Upper Bollinger Band today: $CNMD $LITE $KIM $TBI $FLOT $CMCM $TLSA $SPB $SNA $FHI $HOMZ $VSTM $FBHS $KJAN $PIAI $CORR $XWEB $CPIX $LDOS $MCY ...  https://t.co/AyIukUGmib,en,[],['https://swingtradebot.com/alerts/23-rose-above-upper-bollinger-band'],[],0,0,1,[],"['cnmd', 'lite', 'kim', 'tbi', 'flot', 'cmcm', 'tlsa', 'spb', 'sna', 'fhi', 'homz', 'vstm', 'fbhs', 'kjan', 'piai', 'corr', 'xweb', 'cpix', 'ldos', 'mcy']",https://twitter.com/SwingTradeBot/status/1349376440274472960,False,,0,,,,,,,,[],,,,
1349341683830444033,1349341683830444033,2021-01-13 14:05:01 CET,2021-01-13,14:05:01,+0200,716868896314105856,valensresearch,Valens Research,,"$LDOS: Market expectations are for continued Uniform ROA expansion, but management may have concerns about revenue growth, Navy NextGen, and initiatives #UAFRS  https://t.co/A6QlXxNZaB",en,[],['https://bit.ly/35ynPI0'],[],0,0,0,['uafrs'],['ldos'],https://twitter.com/valensresearch/status/1349341683830444033,False,,0,,,,,,,,[],,,,
1348891349324419073,1348891349324419073,2021-01-12 08:15:33 CET,2021-01-12,08:15:33,+0200,56678999,marketcycles,Stock Traders Daily,,How to Trade: How to trade Leidos Holdings Inc $LDOS With Risk Controls  https://t.co/2EBILHrZxe Click for Details  https://t.co/j0OVeBtlAA,en,[],['http://dlvr.it/RqNv0F'],['https://pbs.twimg.com/media/Erg5iMWVgAQaR9N.png'],0,0,0,[],['ldos'],https://twitter.com/marketcycles/status/1348891349324419073,False,,1,https://pbs.twimg.com/media/Erg5iMWVgAQaR9N.png,,,,,,,[],,,,
1348887479340969984,1348887479340969984,2021-01-12 08:00:10 CET,2021-01-12,08:00:10,+0200,56678999,marketcycles,Stock Traders Daily,,How to trade Leidos Holdings Inc $LDOS With Risk Controls  https://t.co/RN5F5DTDMb  https://t.co/Epuz8sGnmG,en,[],['https://tinyurl.com/yyrdmtqe'],['https://pbs.twimg.com/media/Erg2A3qXAAANBh3.png'],0,0,0,[],['ldos'],https://twitter.com/marketcycles/status/1348887479340969984,False,,1,https://pbs.twimg.com/media/Erg2A3qXAAANBh3.png,,,,,,,[],,,,
1348822689067245568,1348822689067245568,2021-01-12 03:42:43 CET,2021-01-12,03:42:43,+0200,2422703600,swingtradebot,SwingTradeBot,,Scan results - Bearish Engulfing today: $BIDU $GWPH $KIM $GILD $RARE $UNP $JKHY $OCUL $EQIX $TBBK $RGEN $BEAM $KDP $LDOS $DCPH $CHRS $FRPT $INVA ...  https://t.co/9JZbFuPx1i,in,[],['https://swingtradebot.com/events/14-bearish-engulfing/equities?selected_date=2021-01-11'],[],0,1,1,[],"['bidu', 'gwph', 'kim', 'gild', 'rare', 'unp', 'jkhy', 'ocul', 'eqix', 'tbbk', 'rgen', 'beam', 'kdp', 'ldos', 'dcph', 'chrs', 'frpt', 'inva']",https://twitter.com/SwingTradeBot/status/1348822689067245568,False,,0,,,,,,,,[],,,,
1348763610038808578,1348763610038808578,2021-01-11 23:47:58 CET,2021-01-11,23:47:58,+0200,2422703600,swingtradebot,SwingTradeBot,,Scan results - Bearish Engulfing today: $BIDU $GWPH $GILD $RARE $UNP $OCUL $JKHY $BEAM $EQIX $RGEN $TBBK $KIM $KDP $DCPH $CHRS $INVA $LDOS ...  https://t.co/9JZbFuPx1i,in,[],['https://swingtradebot.com/events/14-bearish-engulfing/equities?selected_date=2021-01-11'],[],0,0,1,[],"['bidu', 'gwph', 'gild', 'rare', 'unp', 'ocul', 'jkhy', 'beam', 'eqix', 'rgen', 'tbbk', 'kim', 'kdp', 'dcph', 'chrs', 'inva', 'ldos']",https://twitter.com/SwingTradeBot/status/1348763610038808578,False,,0,,,,,,,,[],,,,
1348665730896715777,1348665730896715777,2021-01-11 17:19:01 CET,2021-01-11,17:19:01,+0200,2422703600,swingtradebot,SwingTradeBot,,Reversed from Down today: $VREX $OSG $UNP $EEMO $NULV $TSN $LDOS $SDPI $HRI $MC $HYLN $EFAD $KRA $EWT $FIV $HQH $EVV $DGRO $GS $TRGP ...  https://t.co/uuYYhupj1A,und,[],['https://swingtradebot.com/alerts/98-reversed-from-down'],[],0,0,0,[],"['vrex', 'osg', 'unp', 'eemo', 'nulv', 'tsn', 'ldos', 'sdpi', 'hri', 'mc', 'hyln', 'efad', 'kra', 'ewt', 'fiv', 'hqh', 'evv', 'dgro', 'gs', 'trgp']",https://twitter.com/SwingTradeBot/status/1348665730896715777,False,,0,,,,,,,,[],,,,
1348123741339885572,1348123741339885572,2021-01-10 05:25:21 CET,2021-01-10,05:25:21,+0200,374729426,tickeron,Tickeron,,"$LDOS in +0.64% Uptrend, rising for three consecutive days on January 8, 2021. View odds for this and other indicators:  https://t.co/fqQR98cD87 #LeidosHoldings #stockmarket #stock #technicalanalysis #money #trading #investing #daytrading #news #today  https://t.co/fy4j7VVf7h",en,[],['https://srnk.us/go/2449618'],['https://pbs.twimg.com/media/ErV_ZgHVkAIXnhl.png'],0,0,0,"['leidosholdings', 'stockmarket', 'stock', 'technicalanalysis', 'money', 'trading', 'investing', 'daytrading', 'news', 'today']",['ldos'],https://twitter.com/Tickeron/status/1348123741339885572,False,,1,https://pbs.twimg.com/media/ErV_ZgHVkAIXnhl.png,,,,,,,[],,,,
1347877137689288704,1347877137689288704,2021-01-09 13:05:26 CET,2021-01-09,13:05:26,+0200,2344420430,insideralerts4u,Insider Alerts,,"$LDOS:  New Insider Filing on Leidos Holdings, Inc.'s  Director  MIRIAM E JOHN:   https://t.co/EBYaPhaNZE",en,[],['https://insideri.com/1336920_000162828021000313_0001628280-21-000313'],[],0,0,0,[],['ldos'],https://twitter.com/InsiderAlerts4U/status/1347877137689288704,False,,0,,,,,,,,[],,,,
1347838052304121858,1347838052304121858,2021-01-09 10:30:07 CET,2021-01-09,10:30:07,+0200,1257555966322782208,ronarebound,Rona Rebound,,"If you invest $1000 in $PBC today at $26.26 per share, and the stock prices rebound back to pre-pandemic prices at $26.84, your investment would be worth $1022.09! That's 2% growth and $22.09 profit!    See more:  https://t.co/2pV8Epn69z   $TSM $LDOS $QAT $OIIM $AOBC",en,[],['https://rona-rebound.com'],[],0,0,0,[],"['pbc', 'tsm', 'ldos', 'qat', 'oiim', 'aobc']",https://twitter.com/ronarebound/status/1347838052304121858,False,,0,,,,,,,,[],,,,
1347812145828753408,1347812145828753408,2021-01-09 08:47:11 CET,2021-01-09,08:47:11,+0200,374729426,tickeron,Tickeron,,"$LDOS in +1.65% Uptrend, advancing for three consecutive days on January 7, 2021. View odds for this and other indicators:  https://t.co/W4nWVnGrQ2 #LeidosHoldings #stockmarket #stock #technicalanalysis #money #trading #investing #daytrading #news #today  https://t.co/oxvUhP5b3G",en,[],['https://srnk.us/go/2447576'],['https://pbs.twimg.com/media/ErRkAQdVQAcHyJp.png'],0,0,0,"['leidosholdings', 'stockmarket', 'stock', 'technicalanalysis', 'money', 'trading', 'investing', 'daytrading', 'news', 'today']",['ldos'],https://twitter.com/Tickeron/status/1347812145828753408,False,,1,https://pbs.twimg.com/media/ErRkAQdVQAcHyJp.png,,,,,,,[],,,,
1347772863508590594,1347772863508590594,2021-01-09 06:11:05 CET,2021-01-09,06:11:05,+0200,121370906,chartmill,ChartMill,,$LDOS ready for breakout? It is showing a excellent technical setup pattern at least.  https://t.co/5YAZyP4Vfw,en,[],['https://www.chartmill.com/stock/analyzer/stock/LDOS?key=48076638-3747-4fc0-b38a-27a363712129&utm_source=twitterUS&utm_medium=TA&utm_content=LDOS&utm_campaign=social_tracking'],[],0,0,0,[],['ldos'],https://twitter.com/ChartMill/status/1347772863508590594,False,,0,,,,,,,,[],,,,
1347759631301439489,1347759631301439489,2021-01-09 05:18:30 CET,2021-01-09,05:18:30,+0200,1297323711935070208,greatstockmark1,Great Stock Marketer,,3 Week Tight Pattern - $TGI $EGO $CAR $DAL $UAL $SAVE $PFE $LDOS $TSN $REG $VRTX $YUM $ISRG $FTNT $AAPL $ZNGA $MTCH $CSCO $MSFT $BRP $CCOI #stocks #stockstowatch #stockscreener  https://t.co/bQFZcvxubQ,in,[],[],['https://pbs.twimg.com/media/ErQ0O31UYAM-SFw.png'],0,0,0,"['stocks', 'stockstowatch', 'stockscreener']","['tgi', 'ego', 'car', 'dal', 'ual', 'save', 'pfe', 'ldos', 'tsn', 'reg', 'vrtx', 'yum', 'isrg', 'ftnt', 'aapl', 'znga', 'mtch', 'csco', 'msft', 'brp', 'ccoi']",https://twitter.com/GreatStockMark1/status/1347759631301439489,False,,1,https://pbs.twimg.com/media/ErQ0O31UYAM-SFw.png,,,,,,,[],,,,
1347754806748749824,1347754806748749824,2021-01-09 04:59:20 CET,2021-01-09,04:59:20,+0200,1297323711935070208,greatstockmark1,Great Stock Marketer,,#stocks in consolidation phase (BB Width &lt;= 0.04) $GOOGL $CSCO $WMT $HON $LOW $MCD $D $LDOS #stocks #StocksToTrade #stocksceener  https://t.co/6eUXnFWgR5,en,[],[],['https://pbs.twimg.com/media/ErQv1cJUYAMlbAt.png'],0,0,0,"['stocks', 'stocks', 'stockstotrade', 'stocksceener']","['googl', 'csco', 'wmt', 'hon', 'low', 'mcd', 'd', 'ldos']",https://twitter.com/GreatStockMark1/status/1347754806748749824,False,,1,https://pbs.twimg.com/media/ErQv1cJUYAMlbAt.png,,,,,,,[],,,,
1347631598351605766,1347631598351605766,2021-01-08 20:49:45 CET,2021-01-08,20:49:45,+0200,2422703600,swingtradebot,SwingTradeBot,,20 DMA Support today: $LDOS $LPX $LACQ $PUI ...  https://t.co/deOpbNqdR6,fr,[],['https://swingtradebot.com/alerts/34-20-dma-support'],[],0,0,0,[],"['ldos', 'lpx', 'lacq', 'pui']",https://twitter.com/SwingTradeBot/status/1347631598351605766,False,,0,,,,,,,,[],,,,
1347593025229377537,1347593025229377537,2021-01-08 18:16:28 CET,2021-01-08,18:16:28,+0200,121370906,chartmill,ChartMill,,"According to the technical breakouts screen, $AL, $LDOS and $ATGE are showing a decent breakout pattern for today.  https://t.co/s9sKdgsYMv",en,[],"['https://www.chartmill.com/stock/stock-screener?sid=202&f=v1_50b500,atrpct_a_1,sl_ta_7_X,sl_se_7_X,p_pg20,exch_us&s=se&v=3&utm_source=twitterUS&utm_medium=screener&utm_content=Stock_Screener:_Technical_Breakout_Setups&utm_campaign=social_tracking']",[],0,0,0,[],"['al', 'ldos', 'atge']",https://twitter.com/ChartMill/status/1347593025229377537,False,,0,,,,,,,,[],,,,
1347579386875310082,1347579386875310082,2021-01-08 17:22:17 CET,2021-01-08,17:22:17,+0200,2344420430,insideralerts4u,Insider Alerts,,"$LDOS:  New Insider Filing on Leidos Holdings, Inc.'s  Group President  JAMES ROBERT MOOS:   https://t.co/1GEQN7UUZE",en,[],['https://insideri.com/1336920_000162828021000120_0001628280-21-000120'],[],0,0,0,[],['ldos'],https://twitter.com/InsiderAlerts4U/status/1347579386875310082,False,,0,,,,,,,,[],,,,
1347570010651320320,1347570010651320320,2021-01-08 16:45:01 CET,2021-01-08,16:45:01,+0200,2422703600,swingtradebot,SwingTradeBot,,Rose Above Previous Day's High today: $RKT $FTI $FXE $EGP $CLX $MOR $PXD $LPX $SAIL $JNPR $LDOS $JBL $ZUO $DT $VOC $AVLR $HUBS $SSD $FTNT $QTS ...  https://t.co/TBYRpvrFqi,en,[],['https://swingtradebot.com/alerts/42-rose-above-previous-day-s-high'],[],0,0,0,[],"['rkt', 'fti', 'fxe', 'egp', 'clx', 'mor', 'pxd', 'lpx', 'sail', 'jnpr', 'ldos', 'jbl', 'zuo', 'dt', 'voc', 'avlr', 'hubs', 'ssd', 'ftnt', 'qts']",https://twitter.com/SwingTradeBot/status/1347570010651320320,False,,0,,,,,,,,[],,,,
1347264776171257857,1347264776171257857,2021-01-07 20:32:08 CET,2021-01-07,20:32:08,+0200,374729426,tickeron,Tickeron,,"$LDOS in +1.51% Uptrend, rising for three consecutive days on January 6, 2021. View odds for this and other indicators:  https://t.co/jKiIkLWItX #LeidosHoldings #stockmarket #stock #technicalanalysis #money #trading #investing #daytrading #news #today  https://t.co/19165ma4S1",en,[],['https://srnk.us/go/2444022'],['https://pbs.twimg.com/media/ErJyLJlVgAAetNi.png'],0,0,0,"['leidosholdings', 'stockmarket', 'stock', 'technicalanalysis', 'money', 'trading', 'investing', 'daytrading', 'news', 'today']",['ldos'],https://twitter.com/Tickeron/status/1347264776171257857,False,,1,https://pbs.twimg.com/media/ErJyLJlVgAAetNi.png,,,,,,,[],,,,
1347086199236698112,1347086199236698112,2021-01-07 08:42:32 CET,2021-01-07,08:42:32,+0200,374729426,tickeron,Tickeron,,"$LDOS enters a Downtrend as Momentum Indicator dropped below the 0 level on January 4, 2021. View odds for this and other indicators:  https://t.co/xFPMGP6Ez0 #LeidosHoldings #stockmarket #stock #technicalanalysis #money #trading #investing #daytrading #news #today  https://t.co/XhVw5PvpJj",en,[],['https://srnk.us/go/2442893'],['https://pbs.twimg.com/media/ErHPwncVkAIgzVA.jpg'],0,0,1,"['leidosholdings', 'stockmarket', 'stock', 'technicalanalysis', 'money', 'trading', 'investing', 'daytrading', 'news', 'today']",['ldos'],https://twitter.com/Tickeron/status/1347086199236698112,False,,1,https://pbs.twimg.com/media/ErHPwncVkAIgzVA.jpg,,,,,,,[],,,,
1346951726520176640,1346951726520176640,2021-01-06 23:48:11 CET,2021-01-06,23:48:11,+0200,2422703600,swingtradebot,SwingTradeBot,,Scan results - Bullish Engulfing today: $MAS $AEE $DG $IOVA $ACAD $LDOS $CMCSA $RPAY $GD $TAK $SRPT $BPMC $RARE $EXPD $QLYS $INAQ $KNSA $FREE $YQ $CARG ...  https://t.co/EqXtpqzatZ,in,[],['https://swingtradebot.com/events/13-bullish-engulfing/equities?selected_date=2021-01-06'],[],0,0,0,[],"['mas', 'aee', 'dg', 'iova', 'acad', 'ldos', 'cmcsa', 'rpay', 'gd', 'tak', 'srpt', 'bpmc', 'rare', 'expd', 'qlys', 'inaq', 'knsa', 'free', 'yq', 'carg']",https://twitter.com/SwingTradeBot/status/1346951726520176640,False,,0,,,,,,,,[],,,,
1346927434470449153,1346927434470449153,2021-01-06 22:11:39 CET,2021-01-06,22:11:39,+0200,2344420430,insideralerts4u,Insider Alerts,,"$LDOS:  New Insider Filing on Leidos Holdings, Inc.'s  Group President  JAMES ROBERT MOOS:   https://t.co/1GEQN7UUZE",en,[],['https://insideri.com/1336920_000162828021000120_0001628280-21-000120'],[],0,0,0,[],['ldos'],https://twitter.com/InsiderAlerts4U/status/1346927434470449153,False,,0,,,,,,,,[],,,,
1346882238072328194,1346882238072328194,2021-01-06 19:12:04 CET,2021-01-06,19:12:04,+0200,1332184168738955266,beeken_tech,Beeken Technology,,$LDOS - Are Investors Undervaluing Leidos (LDOS) Right Now?  https://t.co/M4mgs7dGJr  https://t.co/laj7zZce27,lt,[],['https://www.beeken.io/bhlp?utm_content=newsfeed-Technology-LDOS&utm_source=dlvr.it&utm_medium=twitter'],['https://pbs.twimg.com/media/ErEWQglVoAIsRBx.jpg'],0,0,0,[],['ldos'],https://twitter.com/beeken_tech/status/1346882238072328194,False,,1,https://pbs.twimg.com/media/ErEWQglVoAIsRBx.jpg,,,,,,,[],,,,
1346809815914438660,1346809815914438660,2021-01-06 14:24:17 CET,2021-01-06,14:24:17,+0200,2344420430,insideralerts4u,Insider Alerts,,"$LDOS:  New Insider Filing on Leidos Holdings, Inc.'s  CEO  ROGER A KRONE:   https://t.co/2ffCmQOu0J",en,[],['https://insideri.com/1336920_000162828021000119_0001628280-21-000119'],[],0,0,0,[],['ldos'],https://twitter.com/InsiderAlerts4U/status/1346809815914438660,False,,0,,,,,,,,[],,,,
1346792477831946241,1346792477831946241,2021-01-06 13:15:23 CET,2021-01-06,13:15:23,+0200,2344420430,insideralerts4u,Insider Alerts,,"$LDOS:  New Insider Filing on Leidos Holdings, Inc.'s  Director  MIRIAM E JOHN:   https://t.co/Qxy7CY0qr2",en,[],['https://insideri.com/1336920_000162828021000123_0001628280-21-000123'],[],0,0,0,[],['ldos'],https://twitter.com/InsiderAlerts4U/status/1346792477831946241,False,,0,,,,,,,,[],,,,
1346473737479065604,1346473737479065604,2021-01-05 16:08:49 CET,2021-01-05,16:08:49,+0200,2687367116,fpswatchlist,HOTSTOCKüçø,,$PSYC PSYC Announces Formation of Advisory Board  https://t.co/nmSnOhzbXH @frontpagestocks  #investment #trading #stock #trade #stocktobuy #stockalert   $NOC $RTN $BA $LMT $MKC $HII $LLL $LDOS $ACM $BSAH $HUM $SAIC $KTOS $IBM $NLOK $RPD $MSFT $AAPL $AMZN $FB $CYBR $CSCO,en,"[{'screen_name': 'frontpagestocks', 'name': 'frontpagestocks', 'id': '287885364'}]",['https://finance.yahoo.com/news/psyc-announces-formation-advisory-board-133000055.html'],[],0,0,0,"['investment', 'trading', 'stock', 'trade', 'stocktobuy', 'stockalert']","['psyc', 'noc', 'rtn', 'ba', 'lmt', 'mkc', 'hii', 'lll', 'ldos', 'acm', 'bsah', 'hum', 'saic', 'ktos', 'ibm', 'nlok', 'rpd', 'msft', 'aapl', 'amzn', 'fb', 'cybr', 'csco']",https://twitter.com/FPSwatchlist/status/1346473737479065604,False,,0,,,,,,,,[],,,,
1346451214796541955,1346451214796541955,2021-01-05 14:39:20 CET,2021-01-05,14:39:20,+0200,832251404,emerginggrowth1,EmergingGrowth.com,,How to play the Georgia Runoff  Feature: $ATWT Discuss: $FSLR $NEP $ENPH $SEDG   https://t.co/Y4aiGAtX8N  $NOC $RTN $BA $LMT $MKC $HII $LLL $LDOS $ACM $BSAH $HUM $SAIC $KTOS $IBM $NLOK $RPD $MSFT $AAPL $AMZN $FB $CYBR $CSCO  #Daytrade #EmergingGrowth #Profit #CoronaVirus #Covid19,in,[],['https://emerginggrowth.com/how-to-play-the-georgia-runoff/'],[],0,2,1,"['daytrade', 'emerginggrowth', 'profit', 'coronavirus', 'covid19']","['atwt', 'fslr', 'nep', 'enph', 'sedg', 'noc', 'rtn', 'ba', 'lmt', 'mkc', 'hii', 'lll', 'ldos', 'acm', 'bsah', 'hum', 'saic', 'ktos', 'ibm', 'nlok', 'rpd', 'msft', 'aapl', 'amzn', 'fb', 'cybr', 'csco']",https://twitter.com/EmergingGrowth1/status/1346451214796541955,False,,0,,,,,,,,[],,,,
1346258713200394240,1346258713200394240,2021-01-05 01:54:24 CET,2021-01-05,01:54:24,+0200,1261540915258294272,stocktrader5550,stock trader,,#earnings before the open tomorrow  https://t.co/xnGKcyuuL1  $AMRN $BP $CYBR $KPTI $RL $FIS $TREE $IPHI $LDOS $CNK $USFD $INCY $MNK $LGIH $AMCX $SPNS $VMC $ACM $EMR $CHFS $ARMK $HLNE $DEA $SPR $ATI $EXC $NVMI $HAKA $ALLT $OPTN $WEC $EVFM $KKR $AME $TTI $TECH $LEA $VSH $WRK  https://t.co/LcVVknXzlp,en,[],['https://discord.gg/ekNGZzu'],['https://pbs.twimg.com/media/Eq7fKMGUcAAM4XC.jpg'],0,0,0,['earnings'],"['amrn', 'bp', 'cybr', 'kpti', 'rl', 'fis', 'tree', 'iphi', 'ldos', 'cnk', 'usfd', 'incy', 'mnk', 'lgih', 'amcx', 'spns', 'vmc', 'acm', 'emr', 'chfs', 'armk', 'hlne', 'dea', 'spr', 'ati', 'exc', 'nvmi', 'haka', 'allt', 'optn', 'wec', 'evfm', 'kkr', 'ame', 'tti', 'tech', 'lea', 'vsh', 'wrk']",https://twitter.com/stocktrader5550/status/1346258713200394240,False,,1,https://pbs.twimg.com/media/Eq7fKMGUcAAM4XC.jpg,,,,,,,[],,,,
1346147898887557120,1346147897734123520,2021-01-04 18:34:03 CET,2021-01-04,18:34:03,+0200,3222699058,__tm3k,%Bot,,$FLS - $34.86 $F - $8.46 $FCX - $26.58 $GWW - $395.46 $HON - $207.15 $HRL - $45.84 $IFF - $106.03 $KR - $32.02 $LHX - $181.62 $LW - $74.91 $LDOS - $102.33 $LKQ - $34.33 $LMT - $342.7 $MMC - $113.03 $NOC - $293.79 $PAYX - $89.82 $PEP - $142.71 $CRM - $217.17 $SWK - $169.03,in,[],[],[],1,0,0,[],"['fls', 'f', 'fcx', 'gww', 'hon', 'hrl', 'iff', 'kr', 'lhx', 'lw', 'ldos', 'lkq', 'lmt', 'mmc', 'noc', 'payx', 'pep', 'crm', 'swk']",https://twitter.com/__tm3k/status/1346147898887557120,False,,0,,,,,,,,[],,,,
1345982446878089217,1345982446878089217,2021-01-04 07:36:37 CET,2021-01-04,07:36:37,+0200,374729426,tickeron,Tickeron,,"$LDOS in +1.48% Uptrend, rising for three consecutive days on December 31, 2020. View odds for this and other indicators:  https://t.co/64zeaGQeI1 #LeidosHoldings #stockmarket #stock #technicalanalysis #money #trading #investing #daytrading #news #today  https://t.co/TdWwY3WPWC",en,[],['https://srnk.us/go/2435814'],['https://pbs.twimg.com/media/Eq3j5w8VgAEGEMR.png'],0,0,0,"['leidosholdings', 'stockmarket', 'stock', 'technicalanalysis', 'money', 'trading', 'investing', 'daytrading', 'news', 'today']",['ldos'],https://twitter.com/Tickeron/status/1345982446878089217,False,,1,https://pbs.twimg.com/media/Eq3j5w8VgAEGEMR.png,,,,,,,[],,,,
1345894446647296003,1345399456141815808,2021-01-04 01:46:56 CET,2021-01-04,01:46:56,+0200,1327146126311632896,suspectprofile,‚ñ†‚ñ†‚ñ†‚ñ†,,"@EirikIvanov @sciam The US government has a commitment to make these companies profitable $LMT $BA $NOC $GD $RTX $LDOS so your fair share of tax dollars WILL go to foreign countries  and only in ways that generate MORE reasons to send more of your tax$ intervention, as ""aid"" or üí•""wedding gifts"".",en,[],[],[],0,0,0,[],"['lmt', 'ba', 'noc', 'gd', 'rtx', 'ldos']",https://twitter.com/SuspectProfile/status/1345894446647296003,False,,0,,,,,,,,"[{'screen_name': 'EirikIvanov', 'name': 'Eirik Ivanov,', 'id': '1324506008287260674'}, {'screen_name': 'sciam', 'name': 'Scientific American', 'id': '14647570'}]",,,,
1345863957471485953,1345863957471485953,2021-01-03 23:45:47 CET,2021-01-03,23:45:47,+0200,720780706746613760,jbmgstocktrades,JBMG Stock Trades,,"$NFLX, $UBER, $EA, $VRSN, $LDOS, $GWRE, $ZNGA, $AZPN, $PFPT, $QLYS, $NARI, $AMKR, $RCKT, $SMPL, $LTHM, $ELY, $VCRA, $PETQ, $MTA, $BKNG, $V, $JNJ, $MA, $ZBH, $SWKS, $YNDX, $NDAQ, $INVH, $DT, $PLNT, $NVST, $VNET, $NEOG, $DM, $SVMK, $PRPL, $FTAI, $EVRI, $MSFT, $ADBE, $PEP, $MDLZ",in,[],[],[],0,0,2,[],"['nflx', 'uber', 'ea', 'vrsn', 'ldos', 'gwre', 'znga', 'azpn', 'pfpt', 'qlys', 'nari', 'amkr', 'rckt', 'smpl', 'lthm', 'ely', 'vcra', 'petq', 'mta', 'bkng', 'v', 'jnj', 'ma', 'zbh', 'swks', 'yndx', 'ndaq', 'invh', 'dt', 'plnt', 'nvst', 'vnet', 'neog', 'dm', 'svmk', 'prpl', 'ftai', 'evri', 'msft', 'adbe', 'pep', 'mdlz']",https://twitter.com/JBMGStockTrades/status/1345863957471485953,False,,0,,,,,,,,[],,,,
1345783256206204929,1345783256206204929,2021-01-03 18:25:06 CET,2021-01-03,18:25:06,+0200,2422703600,swingtradebot,SwingTradeBot,,Recent $LDOS technical alerts: 180 Bullish Setup plus 10 more alerts...  https://t.co/5jYbzi5HRx,en,[],['https://swingtradebot.com/equities/LDOS'],[],0,0,0,[],['ldos'],https://twitter.com/SwingTradeBot/status/1345783256206204929,False,,0,,,,,,,,[],,,,
1345603950955745282,1345603950955745282,2021-01-03 06:32:36 CET,2021-01-03,06:32:36,+0200,374729426,tickeron,Tickeron,,"$LDOS in +1.48% Uptrend, rising for three consecutive days on December 31, 2020. View odds for this and other indicators:  https://t.co/rRHsTuYkMB #LeidosHoldings #stockmarket #stock #technicalanalysis #money #trading #investing #daytrading #news #today  https://t.co/ExpLPl2Vfi",en,[],['https://srnk.us/go/2433520'],['https://pbs.twimg.com/media/EqyLqaJUUAAUNpL.png'],0,0,0,"['leidosholdings', 'stockmarket', 'stock', 'technicalanalysis', 'money', 'trading', 'investing', 'daytrading', 'news', 'today']",['ldos'],https://twitter.com/Tickeron/status/1345603950955745282,False,,1,https://pbs.twimg.com/media/EqyLqaJUUAAUNpL.png,,,,,,,[],,,,
1345542931059527684,1345542931059527684,2021-01-03 02:30:08 CET,2021-01-03,02:30:08,+0200,1257555966322782208,ronarebound,Rona Rebound,,"If you invest $1000 in $LDOS today at $105.12 per share, and the stock prices rebound back to pre-pandemic prices at $112.81, your investment would be worth $1073.15! That's 7% growth and $73.15 profit!    See more:  https://t.co/2pV8Epn69z   $EGRX $TEX $MDP $GLMD $VRNA  https://t.co/ioHBZCqpDN",en,[],['https://rona-rebound.com'],['https://pbs.twimg.com/media/EqxUKk5XUAEyAAJ.jpg'],0,0,0,[],"['ldos', 'egrx', 'tex', 'mdp', 'glmd', 'vrna']",https://twitter.com/ronarebound/status/1345542931059527684,False,,1,https://pbs.twimg.com/media/EqxUKk5XUAEyAAJ.jpg,,,,,,,[],,,,
1345500506278383616,1345500506278383616,2021-01-02 23:41:33 CET,2021-01-02,23:41:33,+0200,56678999,marketcycles,Stock Traders Daily,,How to Trade: How to trade Leidos Holdings Inc $LDOS With Risk Controls  https://t.co/V4lT5VWdvY Click for Details  https://t.co/bekU8yzA1b,en,[],['http://dlvr.it/RpnpLx'],['https://pbs.twimg.com/media/EqwtlJaVEAAeMP0.png'],0,0,0,[],['ldos'],https://twitter.com/marketcycles/status/1345500506278383616,False,,1,https://pbs.twimg.com/media/EqwtlJaVEAAeMP0.png,,,,,,,[],,,,
1345245406024749056,1345245406024749056,2021-01-02 06:47:52 CET,2021-01-02,06:47:52,+0200,374729426,tickeron,Tickeron,,"$LDOS in +1.48% Uptrend, rising for three consecutive days on December 31, 2020. View odds for this and other indicators:  https://t.co/qFBWkZHDwL #LeidosHoldings #stockmarket #stock #technicalanalysis #money #trading #investing #daytrading #news #today  https://t.co/AGETf2hKlJ",en,[],['https://srnk.us/go/2431189'],['https://pbs.twimg.com/media/EqtFkWXVoAAf7Ep.png'],0,0,0,"['leidosholdings', 'stockmarket', 'stock', 'technicalanalysis', 'money', 'trading', 'investing', 'daytrading', 'news', 'today']",['ldos'],https://twitter.com/Tickeron/status/1345245406024749056,False,,1,https://pbs.twimg.com/media/EqtFkWXVoAAf7Ep.png,,,,,,,[],,,,
1345127244306509825,1345127244306509825,2021-01-01 22:58:20 CET,2021-01-01,22:58:20,+0200,716737614771044352,optioncharts,max pain,,$LDOS Implied Volatility expiration 01/15/2021 #maxpain #options  https://t.co/4nU8e4hcIn  https://t.co/IBxTBP7kvL,en,[],['http://maximum-pain.com/iv/LDOS?m=01%2f15%2f2021'],['https://pbs.twimg.com/media/EqraGdIXUAEVM_2.jpg'],0,0,0,"['maxpain', 'options']",['ldos'],https://twitter.com/optioncharts/status/1345127244306509825,False,,1,https://pbs.twimg.com/media/EqraGdIXUAEVM_2.jpg,,,,,,,[],,,,
